fecha_id,fecha,anio,trimestre,mes,anio_mes,nombre_mes,dia,dia_semana,nombre_dia,es_fin_de_semana
20230101,2023-01-01,2023,1,1,2023-01,enero,1,7,domingo,t
20230102,2023-01-02,2023,1,1,2023-01,enero,2,1,lunes,f
20230103,2023-01-03,2023,1,1,2023-01,enero,3,2,martes,f
20230104,2023-01-04,2023,1,1,2023-01,enero,4,3,miércoles,f
20230105,2023-01-05,2023,1,1,2023-01,enero,5,4,jueves,f
20230106,2023-01-06,2023,1,1,2023-01,enero,6,5,viernes,f
20230107,2023-01-07,2023,1,1,2023-01,enero,7,6,sábado,t
20230108,2023-01-08,2023,1,1,2023-01,enero,8,7,domingo,t
20230109,2023-01-09,2023,1,1,2023-01,enero,9,1,lunes,f
20230110,2023-01-10,2023,1,1,2023-01,enero,10,2,martes,f
20230111,2023-01-11,2023,1,1,2023-01,enero,11,3,miércoles,f
20230112,2023-01-12,2023,1,1,2023-01,enero,12,4,jueves,f
20230113,2023-01-13,2023,1,1,2023-01,enero,13,5,viernes,f
20230114,2023-01-14,2023,1,1,2023-01,enero,14,6,sábado,t
20230115,2023-01-15,2023,1,1,2023-01,enero,15,7,domingo,t
20230116,2023-01-16,2023,1,1,2023-01,enero,16,1,lunes,f
20230117,2023-01-17,2023,1,1,2023-01,enero,17,2,martes,f
20230118,2023-01-18,2023,1,1,2023-01,enero,18,3,miércoles,f
20230119,2023-01-19,2023,1,1,2023-01,enero,19,4,jueves,f
20230120,2023-01-20,2023,1,1,2023-01,enero,20,5,viernes,f
20230121,2023-01-21,2023,1,1,2023-01,enero,21,6,sábado,t
20230122,2023-01-22,2023,1,1,2023-01,enero,22,7,domingo,t
20230123,2023-01-23,2023,1,1,2023-01,enero,23,1,lunes,f
20230124,2023-01-24,2023,1,1,2023-01,enero,24,2,martes,f
20230125,2023-01-25,2023,1,1,2023-01,enero,25,3,miércoles,f
20230126,2023-01-26,2023,1,1,2023-01,enero,26,4,jueves,f
20230127,2023-01-27,2023,1,1,2023-01,enero,27,5,viernes,f
20230128,2023-01-28,2023,1,1,2023-01,enero,28,6,sábado,t
20230129,2023-01-29,2023,1,1,2023-01,enero,29,7,domingo,t
20230130,2023-01-30,2023,1,1,2023-01,enero,30,1,lunes,f
20230131,2023-01-31,2023,1,1,2023-01,enero,31,2,martes,f
20230201,2023-02-01,2023,1,2,2023-02,febrero,1,3,miércoles,f
20230202,2023-02-02,2023,1,2,2023-02,febrero,2,4,jueves,f
20230203,2023-02-03,2023,1,2,2023-02,febrero,3,5,viernes,f
20230204,2023-02-04,2023,1,2,2023-02,febrero,4,6,sábado,t
20230205,2023-02-05,2023,1,2,2023-02,febrero,5,7,domingo,t
20230206,2023-02-06,2023,1,2,2023-02,febrero,6,1,lunes,f
20230207,2023-02-07,2023,1,2,2023-02,febrero,7,2,martes,f
20230208,2023-02-08,2023,1,2,2023-02,febrero,8,3,miércoles,f
20230209,2023-02-09,2023,1,2,2023-02,febrero,9,4,jueves,f
20230210,2023-02-10,2023,1,2,2023-02,febrero,10,5,viernes,f
20230211,2023-02-11,2023,1,2,2023-02,febrero,11,6,sábado,t
20230212,2023-02-12,2023,1,2,2023-02,febrero,12,7,domingo,t
20230213,2023-02-13,2023,1,2,2023-02,febrero,13,1,lunes,f
20230214,2023-02-14,2023,1,2,2023-02,febrero,14,2,martes,f
20230215,2023-02-15,2023,1,2,2023-02,febrero,15,3,miércoles,f
20230216,2023-02-16,2023,1,2,2023-02,febrero,16,4,jueves,f
20230217,2023-02-17,2023,1,2,2023-02,febrero,17,5,viernes,f
20230218,2023-02-18,2023,1,2,2023-02,febrero,18,6,sábado,t
20230219,2023-02-19,2023,1,2,2023-02,febrero,19,7,domingo,t
20230220,2023-02-20,2023,1,2,2023-02,febrero,20,1,lunes,f
20230221,2023-02-21,2023,1,2,2023-02,febrero,21,2,martes,f
20230222,2023-02-22,2023,1,2,2023-02,febrero,22,3,miércoles,f
20230223,2023-02-23,2023,1,2,2023-02,febrero,23,4,jueves,f
20230224,2023-02-24,2023,1,2,2023-02,febrero,24,5,viernes,f
20230225,2023-02-25,2023,1,2,2023-02,febrero,25,6,sábado,t
20230226,2023-02-26,2023,1,2,2023-02,febrero,26,7,domingo,t
20230227,2023-02-27,2023,1,2,2023-02,febrero,27,1,lunes,f
20230228,2023-02-28,2023,1,2,2023-02,febrero,28,2,martes,f
20230301,2023-03-01,2023,1,3,2023-03,marzo,1,3,miércoles,f
20230302,2023-03-02,2023,1,3,2023-03,marzo,2,4,jueves,f
20230303,2023-03-03,2023,1,3,2023-03,marzo,3,5,viernes,f
20230304,2023-03-04,2023,1,3,2023-03,marzo,4,6,sábado,t
20230305,2023-03-05,2023,1,3,2023-03,marzo,5,7,domingo,t
20230306,2023-03-06,2023,1,3,2023-03,marzo,6,1,lunes,f
20230307,2023-03-07,2023,1,3,2023-03,marzo,7,2,martes,f
20230308,2023-03-08,2023,1,3,2023-03,marzo,8,3,miércoles,f
20230309,2023-03-09,2023,1,3,2023-03,marzo,9,4,jueves,f
20230310,2023-03-10,2023,1,3,2023-03,marzo,10,5,viernes,f
20230311,2023-03-11,2023,1,3,2023-03,marzo,11,6,sábado,t
20230312,2023-03-12,2023,1,3,2023-03,marzo,12,7,domingo,t
20230313,2023-03-13,2023,1,3,2023-03,marzo,13,1,lunes,f
20230314,2023-03-14,2023,1,3,2023-03,marzo,14,2,martes,f
20230315,2023-03-15,2023,1,3,2023-03,marzo,15,3,miércoles,f
20230316,2023-03-16,2023,1,3,2023-03,marzo,16,4,jueves,f
20230317,2023-03-17,2023,1,3,2023-03,marzo,17,5,viernes,f
20230318,2023-03-18,2023,1,3,2023-03,marzo,18,6,sábado,t
20230319,2023-03-19,2023,1,3,2023-03,marzo,19,7,domingo,t
20230320,2023-03-20,2023,1,3,2023-03,marzo,20,1,lunes,f
20230321,2023-03-21,2023,1,3,2023-03,marzo,21,2,martes,f
20230322,2023-03-22,2023,1,3,2023-03,marzo,22,3,miércoles,f
20230323,2023-03-23,2023,1,3,2023-03,marzo,23,4,jueves,f
20230324,2023-03-24,2023,1,3,2023-03,marzo,24,5,viernes,f
20230325,2023-03-25,2023,1,3,2023-03,marzo,25,6,sábado,t
20230326,2023-03-26,2023,1,3,2023-03,marzo,26,7,domingo,t
20230327,2023-03-27,2023,1,3,2023-03,marzo,27,1,lunes,f
20230328,2023-03-28,2023,1,3,2023-03,marzo,28,2,martes,f
20230329,2023-03-29,2023,1,3,2023-03,marzo,29,3,miércoles,f
20230330,2023-03-30,2023,1,3,2023-03,marzo,30,4,jueves,f
20230331,2023-03-31,2023,1,3,2023-03,marzo,31,5,viernes,f
20230401,2023-04-01,2023,2,4,2023-04,abril,1,6,sábado,t
20230402,2023-04-02,2023,2,4,2023-04,abril,2,7,domingo,t
20230403,2023-04-03,2023,2,4,2023-04,abril,3,1,lunes,f
20230404,2023-04-04,2023,2,4,2023-04,abril,4,2,martes,f
20230405,2023-04-05,2023,2,4,2023-04,abril,5,3,miércoles,f
20230406,2023-04-06,2023,2,4,2023-04,abril,6,4,jueves,f
20230407,2023-04-07,2023,2,4,2023-04,abril,7,5,viernes,f
20230408,2023-04-08,2023,2,4,2023-04,abril,8,6,sábado,t
20230409,2023-04-09,2023,2,4,2023-04,abril,9,7,domingo,t
20230410,2023-04-10,2023,2,4,2023-04,abril,10,1,lunes,f
20230411,2023-04-11,2023,2,4,2023-04,abril,11,2,martes,f
20230412,2023-04-12,2023,2,4,2023-04,abril,12,3,miércoles,f
20230413,2023-04-13,2023,2,4,2023-04,abril,13,4,jueves,f
20230414,2023-04-14,2023,2,4,2023-04,abril,14,5,viernes,f
20230415,2023-04-15,2023,2,4,2023-04,abril,15,6,sábado,t
20230416,2023-04-16,2023,2,4,2023-04,abril,16,7,domingo,t
20230417,2023-04-17,2023,2,4,2023-04,abril,17,1,lunes,f
20230418,2023-04-18,2023,2,4,2023-04,abril,18,2,martes,f
20230419,2023-04-19,2023,2,4,2023-04,abril,19,3,miércoles,f
20230420,2023-04-20,2023,2,4,2023-04,abril,20,4,jueves,f
20230421,2023-04-21,2023,2,4,2023-04,abril,21,5,viernes,f
20230422,2023-04-22,2023,2,4,2023-04,abril,22,6,sábado,t
20230423,2023-04-23,2023,2,4,2023-04,abril,23,7,domingo,t
20230424,2023-04-24,2023,2,4,2023-04,abril,24,1,lunes,f
20230425,2023-04-25,2023,2,4,2023-04,abril,25,2,martes,f
20230426,2023-04-26,2023,2,4,2023-04,abril,26,3,miércoles,f
20230427,2023-04-27,2023,2,4,2023-04,abril,27,4,jueves,f
20230428,2023-04-28,2023,2,4,2023-04,abril,28,5,viernes,f
20230429,2023-04-29,2023,2,4,2023-04,abril,29,6,sábado,t
20230430,2023-04-30,2023,2,4,2023-04,abril,30,7,domingo,t
20230501,2023-05-01,2023,2,5,2023-05,mayo,1,1,lunes,f
20230502,2023-05-02,2023,2,5,2023-05,mayo,2,2,martes,f
20230503,2023-05-03,2023,2,5,2023-05,mayo,3,3,miércoles,f
20230504,2023-05-04,2023,2,5,2023-05,mayo,4,4,jueves,f
20230505,2023-05-05,2023,2,5,2023-05,mayo,5,5,viernes,f
20230506,2023-05-06,2023,2,5,2023-05,mayo,6,6,sábado,t
20230507,2023-05-07,2023,2,5,2023-05,mayo,7,7,domingo,t
20230508,2023-05-08,2023,2,5,2023-05,mayo,8,1,lunes,f
20230509,2023-05-09,2023,2,5,2023-05,mayo,9,2,martes,f
20230510,2023-05-10,2023,2,5,2023-05,mayo,10,3,miércoles,f
20230511,2023-05-11,2023,2,5,2023-05,mayo,11,4,jueves,f
20230512,2023-05-12,2023,2,5,2023-05,mayo,12,5,viernes,f
20230513,2023-05-13,2023,2,5,2023-05,mayo,13,6,sábado,t
20230514,2023-05-14,2023,2,5,2023-05,mayo,14,7,domingo,t
20230515,2023-05-15,2023,2,5,2023-05,mayo,15,1,lunes,f
20230516,2023-05-16,2023,2,5,2023-05,mayo,16,2,martes,f
20230517,2023-05-17,2023,2,5,2023-05,mayo,17,3,miércoles,f
20230518,2023-05-18,2023,2,5,2023-05,mayo,18,4,jueves,f
20230519,2023-05-19,2023,2,5,2023-05,mayo,19,5,viernes,f
20230520,2023-05-20,2023,2,5,2023-05,mayo,20,6,sábado,t
20230521,2023-05-21,2023,2,5,2023-05,mayo,21,7,domingo,t
20230522,2023-05-22,2023,2,5,2023-05,mayo,22,1,lunes,f
20230523,2023-05-23,2023,2,5,2023-05,mayo,23,2,martes,f
20230524,2023-05-24,2023,2,5,2023-05,mayo,24,3,miércoles,f
20230525,2023-05-25,2023,2,5,2023-05,mayo,25,4,jueves,f
20230526,2023-05-26,2023,2,5,2023-05,mayo,26,5,viernes,f
20230527,2023-05-27,2023,2,5,2023-05,mayo,27,6,sábado,t
20230528,2023-05-28,2023,2,5,2023-05,mayo,28,7,domingo,t
20230529,2023-05-29,2023,2,5,2023-05,mayo,29,1,lunes,f
20230530,2023-05-30,2023,2,5,2023-05,mayo,30,2,martes,f
20230531,2023-05-31,2023,2,5,2023-05,mayo,31,3,miércoles,f
20230601,2023-06-01,2023,2,6,2023-06,junio,1,4,jueves,f
20230602,2023-06-02,2023,2,6,2023-06,junio,2,5,viernes,f
20230603,2023-06-03,2023,2,6,2023-06,junio,3,6,sábado,t
20230604,2023-06-04,2023,2,6,2023-06,junio,4,7,domingo,t
20230605,2023-06-05,2023,2,6,2023-06,junio,5,1,lunes,f
20230606,2023-06-06,2023,2,6,2023-06,junio,6,2,martes,f
20230607,2023-06-07,2023,2,6,2023-06,junio,7,3,miércoles,f
20230608,2023-06-08,2023,2,6,2023-06,junio,8,4,jueves,f
20230609,2023-06-09,2023,2,6,2023-06,junio,9,5,viernes,f
20230610,2023-06-10,2023,2,6,2023-06,junio,10,6,sábado,t
20230611,2023-06-11,2023,2,6,2023-06,junio,11,7,domingo,t
20230612,2023-06-12,2023,2,6,2023-06,junio,12,1,lunes,f
20230613,2023-06-13,2023,2,6,2023-06,junio,13,2,martes,f
20230614,2023-06-14,2023,2,6,2023-06,junio,14,3,miércoles,f
20230615,2023-06-15,2023,2,6,2023-06,junio,15,4,jueves,f
20230616,2023-06-16,2023,2,6,2023-06,junio,16,5,viernes,f
20230617,2023-06-17,2023,2,6,2023-06,junio,17,6,sábado,t
20230618,2023-06-18,2023,2,6,2023-06,junio,18,7,domingo,t
20230619,2023-06-19,2023,2,6,2023-06,junio,19,1,lunes,f
20230620,2023-06-20,2023,2,6,2023-06,junio,20,2,martes,f
20230621,2023-06-21,2023,2,6,2023-06,junio,21,3,miércoles,f
20230622,2023-06-22,2023,2,6,2023-06,junio,22,4,jueves,f
20230623,2023-06-23,2023,2,6,2023-06,junio,23,5,viernes,f
20230624,2023-06-24,2023,2,6,2023-06,junio,24,6,sábado,t
20230625,2023-06-25,2023,2,6,2023-06,junio,25,7,domingo,t
20230626,2023-06-26,2023,2,6,2023-06,junio,26,1,lunes,f
20230627,2023-06-27,2023,2,6,2023-06,junio,27,2,martes,f
20230628,2023-06-28,2023,2,6,2023-06,junio,28,3,miércoles,f
20230629,2023-06-29,2023,2,6,2023-06,junio,29,4,jueves,f
20230630,2023-06-30,2023,2,6,2023-06,junio,30,5,viernes,f
20230701,2023-07-01,2023,3,7,2023-07,julio,1,6,sábado,t
20230702,2023-07-02,2023,3,7,2023-07,julio,2,7,domingo,t
20230703,2023-07-03,2023,3,7,2023-07,julio,3,1,lunes,f
20230704,2023-07-04,2023,3,7,2023-07,julio,4,2,martes,f
20230705,2023-07-05,2023,3,7,2023-07,julio,5,3,miércoles,f
20230706,2023-07-06,2023,3,7,2023-07,julio,6,4,jueves,f
20230707,2023-07-07,2023,3,7,2023-07,julio,7,5,viernes,f
20230708,2023-07-08,2023,3,7,2023-07,julio,8,6,sábado,t
20230709,2023-07-09,2023,3,7,2023-07,julio,9,7,domingo,t
20230710,2023-07-10,2023,3,7,2023-07,julio,10,1,lunes,f
20230711,2023-07-11,2023,3,7,2023-07,julio,11,2,martes,f
20230712,2023-07-12,2023,3,7,2023-07,julio,12,3,miércoles,f
20230713,2023-07-13,2023,3,7,2023-07,julio,13,4,jueves,f
20230714,2023-07-14,2023,3,7,2023-07,julio,14,5,viernes,f
20230715,2023-07-15,2023,3,7,2023-07,julio,15,6,sábado,t
20230716,2023-07-16,2023,3,7,2023-07,julio,16,7,domingo,t
20230717,2023-07-17,2023,3,7,2023-07,julio,17,1,lunes,f
20230718,2023-07-18,2023,3,7,2023-07,julio,18,2,martes,f
20230719,2023-07-19,2023,3,7,2023-07,julio,19,3,miércoles,f
20230720,2023-07-20,2023,3,7,2023-07,julio,20,4,jueves,f
20230721,2023-07-21,2023,3,7,2023-07,julio,21,5,viernes,f
20230722,2023-07-22,2023,3,7,2023-07,julio,22,6,sábado,t
20230723,2023-07-23,2023,3,7,2023-07,julio,23,7,domingo,t
20230724,2023-07-24,2023,3,7,2023-07,julio,24,1,lunes,f
20230725,2023-07-25,2023,3,7,2023-07,julio,25,2,martes,f
20230726,2023-07-26,2023,3,7,2023-07,julio,26,3,miércoles,f
20230727,2023-07-27,2023,3,7,2023-07,julio,27,4,jueves,f
20230728,2023-07-28,2023,3,7,2023-07,julio,28,5,viernes,f
20230729,2023-07-29,2023,3,7,2023-07,julio,29,6,sábado,t
20230730,2023-07-30,2023,3,7,2023-07,julio,30,7,domingo,t
20230731,2023-07-31,2023,3,7,2023-07,julio,31,1,lunes,f
20230801,2023-08-01,2023,3,8,2023-08,agosto,1,2,martes,f
20230802,2023-08-02,2023,3,8,2023-08,agosto,2,3,miércoles,f
20230803,2023-08-03,2023,3,8,2023-08,agosto,3,4,jueves,f
20230804,2023-08-04,2023,3,8,2023-08,agosto,4,5,viernes,f
20230805,2023-08-05,2023,3,8,2023-08,agosto,5,6,sábado,t
20230806,2023-08-06,2023,3,8,2023-08,agosto,6,7,domingo,t
20230807,2023-08-07,2023,3,8,2023-08,agosto,7,1,lunes,f
20230808,2023-08-08,2023,3,8,2023-08,agosto,8,2,martes,f
20230809,2023-08-09,2023,3,8,2023-08,agosto,9,3,miércoles,f
20230810,2023-08-10,2023,3,8,2023-08,agosto,10,4,jueves,f
20230811,2023-08-11,2023,3,8,2023-08,agosto,11,5,viernes,f
20230812,2023-08-12,2023,3,8,2023-08,agosto,12,6,sábado,t
20230813,2023-08-13,2023,3,8,2023-08,agosto,13,7,domingo,t
20230814,2023-08-14,2023,3,8,2023-08,agosto,14,1,lunes,f
20230815,2023-08-15,2023,3,8,2023-08,agosto,15,2,martes,f
20230816,2023-08-16,2023,3,8,2023-08,agosto,16,3,miércoles,f
20230817,2023-08-17,2023,3,8,2023-08,agosto,17,4,jueves,f
20230818,2023-08-18,2023,3,8,2023-08,agosto,18,5,viernes,f
20230819,2023-08-19,2023,3,8,2023-08,agosto,19,6,sábado,t
20230820,2023-08-20,2023,3,8,2023-08,agosto,20,7,domingo,t
20230821,2023-08-21,2023,3,8,2023-08,agosto,21,1,lunes,f
20230822,2023-08-22,2023,3,8,2023-08,agosto,22,2,martes,f
20230823,2023-08-23,2023,3,8,2023-08,agosto,23,3,miércoles,f
20230824,2023-08-24,2023,3,8,2023-08,agosto,24,4,jueves,f
20230825,2023-08-25,2023,3,8,2023-08,agosto,25,5,viernes,f
20230826,2023-08-26,2023,3,8,2023-08,agosto,26,6,sábado,t
20230827,2023-08-27,2023,3,8,2023-08,agosto,27,7,domingo,t
20230828,2023-08-28,2023,3,8,2023-08,agosto,28,1,lunes,f
20230829,2023-08-29,2023,3,8,2023-08,agosto,29,2,martes,f
20230830,2023-08-30,2023,3,8,2023-08,agosto,30,3,miércoles,f
20230831,2023-08-31,2023,3,8,2023-08,agosto,31,4,jueves,f
20230901,2023-09-01,2023,3,9,2023-09,septiembre,1,5,viernes,f
20230902,2023-09-02,2023,3,9,2023-09,septiembre,2,6,sábado,t
20230903,2023-09-03,2023,3,9,2023-09,septiembre,3,7,domingo,t
20230904,2023-09-04,2023,3,9,2023-09,septiembre,4,1,lunes,f
20230905,2023-09-05,2023,3,9,2023-09,septiembre,5,2,martes,f
20230906,2023-09-06,2023,3,9,2023-09,septiembre,6,3,miércoles,f
20230907,2023-09-07,2023,3,9,2023-09,septiembre,7,4,jueves,f
20230908,2023-09-08,2023,3,9,2023-09,septiembre,8,5,viernes,f
20230909,2023-09-09,2023,3,9,2023-09,septiembre,9,6,sábado,t
20230910,2023-09-10,2023,3,9,2023-09,septiembre,10,7,domingo,t
20230911,2023-09-11,2023,3,9,2023-09,septiembre,11,1,lunes,f
20230912,2023-09-12,2023,3,9,2023-09,septiembre,12,2,martes,f
20230913,2023-09-13,2023,3,9,2023-09,septiembre,13,3,miércoles,f
20230914,2023-09-14,2023,3,9,2023-09,septiembre,14,4,jueves,f
20230915,2023-09-15,2023,3,9,2023-09,septiembre,15,5,viernes,f
20230916,2023-09-16,2023,3,9,2023-09,septiembre,16,6,sábado,t
20230917,2023-09-17,2023,3,9,2023-09,septiembre,17,7,domingo,t
20230918,2023-09-18,2023,3,9,2023-09,septiembre,18,1,lunes,f
20230919,2023-09-19,2023,3,9,2023-09,septiembre,19,2,martes,f
20230920,2023-09-20,2023,3,9,2023-09,septiembre,20,3,miércoles,f
20230921,2023-09-21,2023,3,9,2023-09,septiembre,21,4,jueves,f
20230922,2023-09-22,2023,3,9,2023-09,septiembre,22,5,viernes,f
20230923,2023-09-23,2023,3,9,2023-09,septiembre,23,6,sábado,t
20230924,2023-09-24,2023,3,9,2023-09,septiembre,24,7,domingo,t
20230925,2023-09-25,2023,3,9,2023-09,septiembre,25,1,lunes,f
20230926,2023-09-26,2023,3,9,2023-09,septiembre,26,2,martes,f
20230927,2023-09-27,2023,3,9,2023-09,septiembre,27,3,miércoles,f
20230928,2023-09-28,2023,3,9,2023-09,septiembre,28,4,jueves,f
20230929,2023-09-29,2023,3,9,2023-09,septiembre,29,5,viernes,f
20230930,2023-09-30,2023,3,9,2023-09,septiembre,30,6,sábado,t
20231001,2023-10-01,2023,4,10,2023-10,octubre,1,7,domingo,t
20231002,2023-10-02,2023,4,10,2023-10,octubre,2,1,lunes,f
20231003,2023-10-03,2023,4,10,2023-10,octubre,3,2,martes,f
20231004,2023-10-04,2023,4,10,2023-10,octubre,4,3,miércoles,f
20231005,2023-10-05,2023,4,10,2023-10,octubre,5,4,jueves,f
20231006,2023-10-06,2023,4,10,2023-10,octubre,6,5,viernes,f
20231007,2023-10-07,2023,4,10,2023-10,octubre,7,6,sábado,t
20231008,2023-10-08,2023,4,10,2023-10,octubre,8,7,domingo,t
20231009,2023-10-09,2023,4,10,2023-10,octubre,9,1,lunes,f
20231010,2023-10-10,2023,4,10,2023-10,octubre,10,2,martes,f
20231011,2023-10-11,2023,4,10,2023-10,octubre,11,3,miércoles,f
20231012,2023-10-12,2023,4,10,2023-10,octubre,12,4,jueves,f
20231013,2023-10-13,2023,4,10,2023-10,octubre,13,5,viernes,f
20231014,2023-10-14,2023,4,10,2023-10,octubre,14,6,sábado,t
20231015,2023-10-15,2023,4,10,2023-10,octubre,15,7,domingo,t
20231016,2023-10-16,2023,4,10,2023-10,octubre,16,1,lunes,f
20231017,2023-10-17,2023,4,10,2023-10,octubre,17,2,martes,f
20231018,2023-10-18,2023,4,10,2023-10,octubre,18,3,miércoles,f
20231019,2023-10-19,2023,4,10,2023-10,octubre,19,4,jueves,f
20231020,2023-10-20,2023,4,10,2023-10,octubre,20,5,viernes,f
20231021,2023-10-21,2023,4,10,2023-10,octubre,21,6,sábado,t
20231022,2023-10-22,2023,4,10,2023-10,octubre,22,7,domingo,t
20231023,2023-10-23,2023,4,10,2023-10,octubre,23,1,lunes,f
20231024,2023-10-24,2023,4,10,2023-10,octubre,24,2,martes,f
20231025,2023-10-25,2023,4,10,2023-10,octubre,25,3,miércoles,f
20231026,2023-10-26,2023,4,10,2023-10,octubre,26,4,jueves,f
20231027,2023-10-27,2023,4,10,2023-10,octubre,27,5,viernes,f
20231028,2023-10-28,2023,4,10,2023-10,octubre,28,6,sábado,t
20231029,2023-10-29,2023,4,10,2023-10,octubre,29,7,domingo,t
20231030,2023-10-30,2023,4,10,2023-10,octubre,30,1,lunes,f
20231031,2023-10-31,2023,4,10,2023-10,octubre,31,2,martes,f
20231101,2023-11-01,2023,4,11,2023-11,noviembre,1,3,miércoles,f
20231102,2023-11-02,2023,4,11,2023-11,noviembre,2,4,jueves,f
20231103,2023-11-03,2023,4,11,2023-11,noviembre,3,5,viernes,f
20231104,2023-11-04,2023,4,11,2023-11,noviembre,4,6,sábado,t
20231105,2023-11-05,2023,4,11,2023-11,noviembre,5,7,domingo,t
20231106,2023-11-06,2023,4,11,2023-11,noviembre,6,1,lunes,f
20231107,2023-11-07,2023,4,11,2023-11,noviembre,7,2,martes,f
20231108,2023-11-08,2023,4,11,2023-11,noviembre,8,3,miércoles,f
20231109,2023-11-09,2023,4,11,2023-11,noviembre,9,4,jueves,f
20231110,2023-11-10,2023,4,11,2023-11,noviembre,10,5,viernes,f
20231111,2023-11-11,2023,4,11,2023-11,noviembre,11,6,sábado,t
20231112,2023-11-12,2023,4,11,2023-11,noviembre,12,7,domingo,t
20231113,2023-11-13,2023,4,11,2023-11,noviembre,13,1,lunes,f
20231114,2023-11-14,2023,4,11,2023-11,noviembre,14,2,martes,f
20231115,2023-11-15,2023,4,11,2023-11,noviembre,15,3,miércoles,f
20231116,2023-11-16,2023,4,11,2023-11,noviembre,16,4,jueves,f
20231117,2023-11-17,2023,4,11,2023-11,noviembre,17,5,viernes,f
20231118,2023-11-18,2023,4,11,2023-11,noviembre,18,6,sábado,t
20231119,2023-11-19,2023,4,11,2023-11,noviembre,19,7,domingo,t
20231120,2023-11-20,2023,4,11,2023-11,noviembre,20,1,lunes,f
20231121,2023-11-21,2023,4,11,2023-11,noviembre,21,2,martes,f
20231122,2023-11-22,2023,4,11,2023-11,noviembre,22,3,miércoles,f
20231123,2023-11-23,2023,4,11,2023-11,noviembre,23,4,jueves,f
20231124,2023-11-24,2023,4,11,2023-11,noviembre,24,5,viernes,f
20231125,2023-11-25,2023,4,11,2023-11,noviembre,25,6,sábado,t
20231126,2023-11-26,2023,4,11,2023-11,noviembre,26,7,domingo,t
20231127,2023-11-27,2023,4,11,2023-11,noviembre,27,1,lunes,f
20231128,2023-11-28,2023,4,11,2023-11,noviembre,28,2,martes,f
20231129,2023-11-29,2023,4,11,2023-11,noviembre,29,3,miércoles,f
20231130,2023-11-30,2023,4,11,2023-11,noviembre,30,4,jueves,f
20231201,2023-12-01,2023,4,12,2023-12,diciembre,1,5,viernes,f
20231202,2023-12-02,2023,4,12,2023-12,diciembre,2,6,sábado,t
20231203,2023-12-03,2023,4,12,2023-12,diciembre,3,7,domingo,t
20231204,2023-12-04,2023,4,12,2023-12,diciembre,4,1,lunes,f
20231205,2023-12-05,2023,4,12,2023-12,diciembre,5,2,martes,f
20231206,2023-12-06,2023,4,12,2023-12,diciembre,6,3,miércoles,f
20231207,2023-12-07,2023,4,12,2023-12,diciembre,7,4,jueves,f
20231208,2023-12-08,2023,4,12,2023-12,diciembre,8,5,viernes,f
20231209,2023-12-09,2023,4,12,2023-12,diciembre,9,6,sábado,t
20231210,2023-12-10,2023,4,12,2023-12,diciembre,10,7,domingo,t
20231211,2023-12-11,2023,4,12,2023-12,diciembre,11,1,lunes,f
20231212,2023-12-12,2023,4,12,2023-12,diciembre,12,2,martes,f
20231213,2023-12-13,2023,4,12,2023-12,diciembre,13,3,miércoles,f
20231214,2023-12-14,2023,4,12,2023-12,diciembre,14,4,jueves,f
20231215,2023-12-15,2023,4,12,2023-12,diciembre,15,5,viernes,f
20231216,2023-12-16,2023,4,12,2023-12,diciembre,16,6,sábado,t
20231217,2023-12-17,2023,4,12,2023-12,diciembre,17,7,domingo,t
20231218,2023-12-18,2023,4,12,2023-12,diciembre,18,1,lunes,f
20231219,2023-12-19,2023,4,12,2023-12,diciembre,19,2,martes,f
20231220,2023-12-20,2023,4,12,2023-12,diciembre,20,3,miércoles,f
20231221,2023-12-21,2023,4,12,2023-12,diciembre,21,4,jueves,f
20231222,2023-12-22,2023,4,12,2023-12,diciembre,22,5,viernes,f
20231223,2023-12-23,2023,4,12,2023-12,diciembre,23,6,sábado,t
20231224,2023-12-24,2023,4,12,2023-12,diciembre,24,7,domingo,t
20231225,2023-12-25,2023,4,12,2023-12,diciembre,25,1,lunes,f
20231226,2023-12-26,2023,4,12,2023-12,diciembre,26,2,martes,f
20231227,2023-12-27,2023,4,12,2023-12,diciembre,27,3,miércoles,f
20231228,2023-12-28,2023,4,12,2023-12,diciembre,28,4,jueves,f
20231229,2023-12-29,2023,4,12,2023-12,diciembre,29,5,viernes,f
20231230,2023-12-30,2023,4,12,2023-12,diciembre,30,6,sábado,t
20231231,2023-12-31,2023,4,12,2023-12,diciembre,31,7,domingo,t
20240101,2024-01-01,2024,1,1,2024-01,enero,1,1,lunes,f
20240102,2024-01-02,2024,1,1,2024-01,enero,2,2,martes,f
20240103,2024-01-03,2024,1,1,2024-01,enero,3,3,miércoles,f
20240104,2024-01-04,2024,1,1,2024-01,enero,4,4,jueves,f
20240105,2024-01-05,2024,1,1,2024-01,enero,5,5,viernes,f
20240106,2024-01-06,2024,1,1,2024-01,enero,6,6,sábado,t
20240107,2024-01-07,2024,1,1,2024-01,enero,7,7,domingo,t
20240108,2024-01-08,2024,1,1,2024-01,enero,8,1,lunes,f
20240109,2024-01-09,2024,1,1,2024-01,enero,9,2,martes,f
20240110,2024-01-10,2024,1,1,2024-01,enero,10,3,miércoles,f
20240111,2024-01-11,2024,1,1,2024-01,enero,11,4,jueves,f
20240112,2024-01-12,2024,1,1,2024-01,enero,12,5,viernes,f
20240113,2024-01-13,2024,1,1,2024-01,enero,13,6,sábado,t
20240114,2024-01-14,2024,1,1,2024-01,enero,14,7,domingo,t
20240115,2024-01-15,2024,1,1,2024-01,enero,15,1,lunes,f
20240116,2024-01-16,2024,1,1,2024-01,enero,16,2,martes,f
20240117,2024-01-17,2024,1,1,2024-01,enero,17,3,miércoles,f
20240118,2024-01-18,2024,1,1,2024-01,enero,18,4,jueves,f
20240119,2024-01-19,2024,1,1,2024-01,enero,19,5,viernes,f
20240120,2024-01-20,2024,1,1,2024-01,enero,20,6,sábado,t
20240121,2024-01-21,2024,1,1,2024-01,enero,21,7,domingo,t
20240122,2024-01-22,2024,1,1,2024-01,enero,22,1,lunes,f
20240123,2024-01-23,2024,1,1,2024-01,enero,23,2,martes,f
20240124,2024-01-24,2024,1,1,2024-01,enero,24,3,miércoles,f
20240125,2024-01-25,2024,1,1,2024-01,enero,25,4,jueves,f
20240126,2024-01-26,2024,1,1,2024-01,enero,26,5,viernes,f
20240127,2024-01-27,2024,1,1,2024-01,enero,27,6,sábado,t
20240128,2024-01-28,2024,1,1,2024-01,enero,28,7,domingo,t
20240129,2024-01-29,2024,1,1,2024-01,enero,29,1,lunes,f
20240130,2024-01-30,2024,1,1,2024-01,enero,30,2,martes,f
20240131,2024-01-31,2024,1,1,2024-01,enero,31,3,miércoles,f
20240201,2024-02-01,2024,1,2,2024-02,febrero,1,4,jueves,f
20240202,2024-02-02,2024,1,2,2024-02,febrero,2,5,viernes,f
20240203,2024-02-03,2024,1,2,2024-02,febrero,3,6,sábado,t
20240204,2024-02-04,2024,1,2,2024-02,febrero,4,7,domingo,t
20240205,2024-02-05,2024,1,2,2024-02,febrero,5,1,lunes,f
20240206,2024-02-06,2024,1,2,2024-02,febrero,6,2,martes,f
20240207,2024-02-07,2024,1,2,2024-02,febrero,7,3,miércoles,f
20240208,2024-02-08,2024,1,2,2024-02,febrero,8,4,jueves,f
20240209,2024-02-09,2024,1,2,2024-02,febrero,9,5,viernes,f
20240210,2024-02-10,2024,1,2,2024-02,febrero,10,6,sábado,t
20240211,2024-02-11,2024,1,2,2024-02,febrero,11,7,domingo,t
20240212,2024-02-12,2024,1,2,2024-02,febrero,12,1,lunes,f
20240213,2024-02-13,2024,1,2,2024-02,febrero,13,2,martes,f
20240214,2024-02-14,2024,1,2,2024-02,febrero,14,3,miércoles,f
20240215,2024-02-15,2024,1,2,2024-02,febrero,15,4,jueves,f
20240216,2024-02-16,2024,1,2,2024-02,febrero,16,5,viernes,f
20240217,2024-02-17,2024,1,2,2024-02,febrero,17,6,sábado,t
20240218,2024-02-18,2024,1,2,2024-02,febrero,18,7,domingo,t
20240219,2024-02-19,2024,1,2,2024-02,febrero,19,1,lunes,f
20240220,2024-02-20,2024,1,2,2024-02,febrero,20,2,martes,f
20240221,2024-02-21,2024,1,2,2024-02,febrero,21,3,miércoles,f
20240222,2024-02-22,2024,1,2,2024-02,febrero,22,4,jueves,f
20240223,2024-02-23,2024,1,2,2024-02,febrero,23,5,viernes,f
20240224,2024-02-24,2024,1,2,2024-02,febrero,24,6,sábado,t
20240225,2024-02-25,2024,1,2,2024-02,febrero,25,7,domingo,t
20240226,2024-02-26,2024,1,2,2024-02,febrero,26,1,lunes,f
20240227,2024-02-27,2024,1,2,2024-02,febrero,27,2,martes,f
20240228,2024-02-28,2024,1,2,2024-02,febrero,28,3,miércoles,f
20240229,2024-02-29,2024,1,2,2024-02,febrero,29,4,jueves,f
20240301,2024-03-01,2024,1,3,2024-03,marzo,1,5,viernes,f
20240302,2024-03-02,2024,1,3,2024-03,marzo,2,6,sábado,t
20240303,2024-03-03,2024,1,3,2024-03,marzo,3,7,domingo,t
20240304,2024-03-04,2024,1,3,2024-03,marzo,4,1,lunes,f
20240305,2024-03-05,2024,1,3,2024-03,marzo,5,2,martes,f
20240306,2024-03-06,2024,1,3,2024-03,marzo,6,3,miércoles,f
20240307,2024-03-07,2024,1,3,2024-03,marzo,7,4,jueves,f
20240308,2024-03-08,2024,1,3,2024-03,marzo,8,5,viernes,f
20240309,2024-03-09,2024,1,3,2024-03,marzo,9,6,sábado,t
20240310,2024-03-10,2024,1,3,2024-03,marzo,10,7,domingo,t
20240311,2024-03-11,2024,1,3,2024-03,marzo,11,1,lunes,f
20240312,2024-03-12,2024,1,3,2024-03,marzo,12,2,martes,f
20240313,2024-03-13,2024,1,3,2024-03,marzo,13,3,miércoles,f
20240314,2024-03-14,2024,1,3,2024-03,marzo,14,4,jueves,f
20240315,2024-03-15,2024,1,3,2024-03,marzo,15,5,viernes,f
20240316,2024-03-16,2024,1,3,2024-03,marzo,16,6,sábado,t
20240317,2024-03-17,2024,1,3,2024-03,marzo,17,7,domingo,t
20240318,2024-03-18,2024,1,3,2024-03,marzo,18,1,lunes,f
20240319,2024-03-19,2024,1,3,2024-03,marzo,19,2,martes,f
20240320,2024-03-20,2024,1,3,2024-03,marzo,20,3,miércoles,f
20240321,2024-03-21,2024,1,3,2024-03,marzo,21,4,jueves,f
20240322,2024-03-22,2024,1,3,2024-03,marzo,22,5,viernes,f
20240323,2024-03-23,2024,1,3,2024-03,marzo,23,6,sábado,t
20240324,2024-03-24,2024,1,3,2024-03,marzo,24,7,domingo,t
20240325,2024-03-25,2024,1,3,2024-03,marzo,25,1,lunes,f
20240326,2024-03-26,2024,1,3,2024-03,marzo,26,2,martes,f
20240327,2024-03-27,2024,1,3,2024-03,marzo,27,3,miércoles,f
20240328,2024-03-28,2024,1,3,2024-03,marzo,28,4,jueves,f
20240329,2024-03-29,2024,1,3,2024-03,marzo,29,5,viernes,f
20240330,2024-03-30,2024,1,3,2024-03,marzo,30,6,sábado,t
20240331,2024-03-31,2024,1,3,2024-03,marzo,31,7,domingo,t
20240401,2024-04-01,2024,2,4,2024-04,abril,1,1,lunes,f
20240402,2024-04-02,2024,2,4,2024-04,abril,2,2,martes,f
20240403,2024-04-03,2024,2,4,2024-04,abril,3,3,miércoles,f
20240404,2024-04-04,2024,2,4,2024-04,abril,4,4,jueves,f
20240405,2024-04-05,2024,2,4,2024-04,abril,5,5,viernes,f
20240406,2024-04-06,2024,2,4,2024-04,abril,6,6,sábado,t
20240407,2024-04-07,2024,2,4,2024-04,abril,7,7,domingo,t
20240408,2024-04-08,2024,2,4,2024-04,abril,8,1,lunes,f
20240409,2024-04-09,2024,2,4,2024-04,abril,9,2,martes,f
20240410,2024-04-10,2024,2,4,2024-04,abril,10,3,miércoles,f
20240411,2024-04-11,2024,2,4,2024-04,abril,11,4,jueves,f
20240412,2024-04-12,2024,2,4,2024-04,abril,12,5,viernes,f
20240413,2024-04-13,2024,2,4,2024-04,abril,13,6,sábado,t
20240414,2024-04-14,2024,2,4,2024-04,abril,14,7,domingo,t
20240415,2024-04-15,2024,2,4,2024-04,abril,15,1,lunes,f
20240416,2024-04-16,2024,2,4,2024-04,abril,16,2,martes,f
20240417,2024-04-17,2024,2,4,2024-04,abril,17,3,miércoles,f
20240418,2024-04-18,2024,2,4,2024-04,abril,18,4,jueves,f
20240419,2024-04-19,2024,2,4,2024-04,abril,19,5,viernes,f
20240420,2024-04-20,2024,2,4,2024-04,abril,20,6,sábado,t
20240421,2024-04-21,2024,2,4,2024-04,abril,21,7,domingo,t
20240422,2024-04-22,2024,2,4,2024-04,abril,22,1,lunes,f
20240423,2024-04-23,2024,2,4,2024-04,abril,23,2,martes,f
20240424,2024-04-24,2024,2,4,2024-04,abril,24,3,miércoles,f
20240425,2024-04-25,2024,2,4,2024-04,abril,25,4,jueves,f
20240426,2024-04-26,2024,2,4,2024-04,abril,26,5,viernes,f
20240427,2024-04-27,2024,2,4,2024-04,abril,27,6,sábado,t
20240428,2024-04-28,2024,2,4,2024-04,abril,28,7,domingo,t
20240429,2024-04-29,2024,2,4,2024-04,abril,29,1,lunes,f
20240430,2024-04-30,2024,2,4,2024-04,abril,30,2,martes,f
20240501,2024-05-01,2024,2,5,2024-05,mayo,1,3,miércoles,f
20240502,2024-05-02,2024,2,5,2024-05,mayo,2,4,jueves,f
20240503,2024-05-03,2024,2,5,2024-05,mayo,3,5,viernes,f
20240504,2024-05-04,2024,2,5,2024-05,mayo,4,6,sábado,t
20240505,2024-05-05,2024,2,5,2024-05,mayo,5,7,domingo,t
20240506,2024-05-06,2024,2,5,2024-05,mayo,6,1,lunes,f
20240507,2024-05-07,2024,2,5,2024-05,mayo,7,2,martes,f
20240508,2024-05-08,2024,2,5,2024-05,mayo,8,3,miércoles,f
20240509,2024-05-09,2024,2,5,2024-05,mayo,9,4,jueves,f
20240510,2024-05-10,2024,2,5,2024-05,mayo,10,5,viernes,f
20240511,2024-05-11,2024,2,5,2024-05,mayo,11,6,sábado,t
20240512,2024-05-12,2024,2,5,2024-05,mayo,12,7,domingo,t
20240513,2024-05-13,2024,2,5,2024-05,mayo,13,1,lunes,f
20240514,2024-05-14,2024,2,5,2024-05,mayo,14,2,martes,f
20240515,2024-05-15,2024,2,5,2024-05,mayo,15,3,miércoles,f
20240516,2024-05-16,2024,2,5,2024-05,mayo,16,4,jueves,f
20240517,2024-05-17,2024,2,5,2024-05,mayo,17,5,viernes,f
20240518,2024-05-18,2024,2,5,2024-05,mayo,18,6,sábado,t
20240519,2024-05-19,2024,2,5,2024-05,mayo,19,7,domingo,t
20240520,2024-05-20,2024,2,5,2024-05,mayo,20,1,lunes,f
20240521,2024-05-21,2024,2,5,2024-05,mayo,21,2,martes,f
20240522,2024-05-22,2024,2,5,2024-05,mayo,22,3,miércoles,f
20240523,2024-05-23,2024,2,5,2024-05,mayo,23,4,jueves,f
20240524,2024-05-24,2024,2,5,2024-05,mayo,24,5,viernes,f
20240525,2024-05-25,2024,2,5,2024-05,mayo,25,6,sábado,t
20240526,2024-05-26,2024,2,5,2024-05,mayo,26,7,domingo,t
20240527,2024-05-27,2024,2,5,2024-05,mayo,27,1,lunes,f
20240528,2024-05-28,2024,2,5,2024-05,mayo,28,2,martes,f
20240529,2024-05-29,2024,2,5,2024-05,mayo,29,3,miércoles,f
20240530,2024-05-30,2024,2,5,2024-05,mayo,30,4,jueves,f
20240531,2024-05-31,2024,2,5,2024-05,mayo,31,5,viernes,f
20240601,2024-06-01,2024,2,6,2024-06,junio,1,6,sábado,t
20240602,2024-06-02,2024,2,6,2024-06,junio,2,7,domingo,t
20240603,2024-06-03,2024,2,6,2024-06,junio,3,1,lunes,f
20240604,2024-06-04,2024,2,6,2024-06,junio,4,2,martes,f
20240605,2024-06-05,2024,2,6,2024-06,junio,5,3,miércoles,f
20240606,2024-06-06,2024,2,6,2024-06,junio,6,4,jueves,f
20240607,2024-06-07,2024,2,6,2024-06,junio,7,5,viernes,f
20240608,2024-06-08,2024,2,6,2024-06,junio,8,6,sábado,t
20240609,2024-06-09,2024,2,6,2024-06,junio,9,7,domingo,t
20240610,2024-06-10,2024,2,6,2024-06,junio,10,1,lunes,f
20240611,2024-06-11,2024,2,6,2024-06,junio,11,2,martes,f
20240612,2024-06-12,2024,2,6,2024-06,junio,12,3,miércoles,f
20240613,2024-06-13,2024,2,6,2024-06,junio,13,4,jueves,f
20240614,2024-06-14,2024,2,6,2024-06,junio,14,5,viernes,f
20240615,2024-06-15,2024,2,6,2024-06,junio,15,6,sábado,t
20240616,2024-06-16,2024,2,6,2024-06,junio,16,7,domingo,t
20240617,2024-06-17,2024,2,6,2024-06,junio,17,1,lunes,f
20240618,2024-06-18,2024,2,6,2024-06,junio,18,2,martes,f
20240619,2024-06-19,2024,2,6,2024-06,junio,19,3,miércoles,f
20240620,2024-06-20,2024,2,6,2024-06,junio,20,4,jueves,f
20240621,2024-06-21,2024,2,6,2024-06,junio,21,5,viernes,f
20240622,2024-06-22,2024,2,6,2024-06,junio,22,6,sábado,t
20240623,2024-06-23,2024,2,6,2024-06,junio,23,7,domingo,t
20240624,2024-06-24,2024,2,6,2024-06,junio,24,1,lunes,f
20240625,2024-06-25,2024,2,6,2024-06,junio,25,2,martes,f
20240626,2024-06-26,2024,2,6,2024-06,junio,26,3,miércoles,f
20240627,2024-06-27,2024,2,6,2024-06,junio,27,4,jueves,f
20240628,2024-06-28,2024,2,6,2024-06,junio,28,5,viernes,f
20240629,2024-06-29,2024,2,6,2024-06,junio,29,6,sábado,t
20240630,2024-06-30,2024,2,6,2024-06,junio,30,7,domingo,t
20240701,2024-07-01,2024,3,7,2024-07,julio,1,1,lunes,f
20240702,2024-07-02,2024,3,7,2024-07,julio,2,2,martes,f
20240703,2024-07-03,2024,3,7,2024-07,julio,3,3,miércoles,f
20240704,2024-07-04,2024,3,7,2024-07,julio,4,4,jueves,f
20240705,2024-07-05,2024,3,7,2024-07,julio,5,5,viernes,f
20240706,2024-07-06,2024,3,7,2024-07,julio,6,6,sábado,t
20240707,2024-07-07,2024,3,7,2024-07,julio,7,7,domingo,t
20240708,2024-07-08,2024,3,7,2024-07,julio,8,1,lunes,f
20240709,2024-07-09,2024,3,7,2024-07,julio,9,2,martes,f
20240710,2024-07-10,2024,3,7,2024-07,julio,10,3,miércoles,f
20240711,2024-07-11,2024,3,7,2024-07,julio,11,4,jueves,f
20240712,2024-07-12,2024,3,7,2024-07,julio,12,5,viernes,f
20240713,2024-07-13,2024,3,7,2024-07,julio,13,6,sábado,t
20240714,2024-07-14,2024,3,7,2024-07,julio,14,7,domingo,t
20240715,2024-07-15,2024,3,7,2024-07,julio,15,1,lunes,f
20240716,2024-07-16,2024,3,7,2024-07,julio,16,2,martes,f
20240717,2024-07-17,2024,3,7,2024-07,julio,17,3,miércoles,f
20240718,2024-07-18,2024,3,7,2024-07,julio,18,4,jueves,f
20240719,2024-07-19,2024,3,7,2024-07,julio,19,5,viernes,f
20240720,2024-07-20,2024,3,7,2024-07,julio,20,6,sábado,t
20240721,2024-07-21,2024,3,7,2024-07,julio,21,7,domingo,t
20240722,2024-07-22,2024,3,7,2024-07,julio,22,1,lunes,f
20240723,2024-07-23,2024,3,7,2024-07,julio,23,2,martes,f
20240724,2024-07-24,2024,3,7,2024-07,julio,24,3,miércoles,f
20240725,2024-07-25,2024,3,7,2024-07,julio,25,4,jueves,f
20240726,2024-07-26,2024,3,7,2024-07,julio,26,5,viernes,f
20240727,2024-07-27,2024,3,7,2024-07,julio,27,6,sábado,t
20240728,2024-07-28,2024,3,7,2024-07,julio,28,7,domingo,t
20240729,2024-07-29,2024,3,7,2024-07,julio,29,1,lunes,f
20240730,2024-07-30,2024,3,7,2024-07,julio,30,2,martes,f
20240731,2024-07-31,2024,3,7,2024-07,julio,31,3,miércoles,f
20240801,2024-08-01,2024,3,8,2024-08,agosto,1,4,jueves,f
20240802,2024-08-02,2024,3,8,2024-08,agosto,2,5,viernes,f
20240803,2024-08-03,2024,3,8,2024-08,agosto,3,6,sábado,t
20240804,2024-08-04,2024,3,8,2024-08,agosto,4,7,domingo,t
20240805,2024-08-05,2024,3,8,2024-08,agosto,5,1,lunes,f
20240806,2024-08-06,2024,3,8,2024-08,agosto,6,2,martes,f
20240807,2024-08-07,2024,3,8,2024-08,agosto,7,3,miércoles,f
20240808,2024-08-08,2024,3,8,2024-08,agosto,8,4,jueves,f
20240809,2024-08-09,2024,3,8,2024-08,agosto,9,5,viernes,f
20240810,2024-08-10,2024,3,8,2024-08,agosto,10,6,sábado,t
20240811,2024-08-11,2024,3,8,2024-08,agosto,11,7,domingo,t
20240812,2024-08-12,2024,3,8,2024-08,agosto,12,1,lunes,f
20240813,2024-08-13,2024,3,8,2024-08,agosto,13,2,martes,f
20240814,2024-08-14,2024,3,8,2024-08,agosto,14,3,miércoles,f
20240815,2024-08-15,2024,3,8,2024-08,agosto,15,4,jueves,f
20240816,2024-08-16,2024,3,8,2024-08,agosto,16,5,viernes,f
20240817,2024-08-17,2024,3,8,2024-08,agosto,17,6,sábado,t
20240818,2024-08-18,2024,3,8,2024-08,agosto,18,7,domingo,t
20240819,2024-08-19,2024,3,8,2024-08,agosto,19,1,lunes,f
20240820,2024-08-20,2024,3,8,2024-08,agosto,20,2,martes,f
20240821,2024-08-21,2024,3,8,2024-08,agosto,21,3,miércoles,f
20240822,2024-08-22,2024,3,8,2024-08,agosto,22,4,jueves,f
20240823,2024-08-23,2024,3,8,2024-08,agosto,23,5,viernes,f
20240824,2024-08-24,2024,3,8,2024-08,agosto,24,6,sábado,t
20240825,2024-08-25,2024,3,8,2024-08,agosto,25,7,domingo,t
20240826,2024-08-26,2024,3,8,2024-08,agosto,26,1,lunes,f
20240827,2024-08-27,2024,3,8,2024-08,agosto,27,2,martes,f
20240828,2024-08-28,2024,3,8,2024-08,agosto,28,3,miércoles,f
20240829,2024-08-29,2024,3,8,2024-08,agosto,29,4,jueves,f
20240830,2024-08-30,2024,3,8,2024-08,agosto,30,5,viernes,f
20240831,2024-08-31,2024,3,8,2024-08,agosto,31,6,sábado,t
20240901,2024-09-01,2024,3,9,2024-09,septiembre,1,7,domingo,t
20240902,2024-09-02,2024,3,9,2024-09,septiembre,2,1,lunes,f
20240903,2024-09-03,2024,3,9,2024-09,septiembre,3,2,martes,f
20240904,2024-09-04,2024,3,9,2024-09,septiembre,4,3,miércoles,f
20240905,2024-09-05,2024,3,9,2024-09,septiembre,5,4,jueves,f
20240906,2024-09-06,2024,3,9,2024-09,septiembre,6,5,viernes,f
20240907,2024-09-07,2024,3,9,2024-09,septiembre,7,6,sábado,t
20240908,2024-09-08,2024,3,9,2024-09,septiembre,8,7,domingo,t
20240909,2024-09-09,2024,3,9,2024-09,septiembre,9,1,lunes,f
20240910,2024-09-10,2024,3,9,2024-09,septiembre,10,2,martes,f
20240911,2024-09-11,2024,3,9,2024-09,septiembre,11,3,miércoles,f
20240912,2024-09-12,2024,3,9,2024-09,septiembre,12,4,jueves,f
20240913,2024-09-13,2024,3,9,2024-09,septiembre,13,5,viernes,f
20240914,2024-09-14,2024,3,9,2024-09,septiembre,14,6,sábado,t
20240915,2024-09-15,2024,3,9,2024-09,septiembre,15,7,domingo,t
20240916,2024-09-16,2024,3,9,2024-09,septiembre,16,1,lunes,f
20240917,2024-09-17,2024,3,9,2024-09,septiembre,17,2,martes,f
20240918,2024-09-18,2024,3,9,2024-09,septiembre,18,3,miércoles,f
20240919,2024-09-19,2024,3,9,2024-09,septiembre,19,4,jueves,f
20240920,2024-09-20,2024,3,9,2024-09,septiembre,20,5,viernes,f
20240921,2024-09-21,2024,3,9,2024-09,septiembre,21,6,sábado,t
20240922,2024-09-22,2024,3,9,2024-09,septiembre,22,7,domingo,t
20240923,2024-09-23,2024,3,9,2024-09,septiembre,23,1,lunes,f
20240924,2024-09-24,2024,3,9,2024-09,septiembre,24,2,martes,f
20240925,2024-09-25,2024,3,9,2024-09,septiembre,25,3,miércoles,f
20240926,2024-09-26,2024,3,9,2024-09,septiembre,26,4,jueves,f
20240927,2024-09-27,2024,3,9,2024-09,septiembre,27,5,viernes,f
20240928,2024-09-28,2024,3,9,2024-09,septiembre,28,6,sábado,t
20240929,2024-09-29,2024,3,9,2024-09,septiembre,29,7,domingo,t
20240930,2024-09-30,2024,3,9,2024-09,septiembre,30,1,lunes,f
20241001,2024-10-01,2024,4,10,2024-10,octubre,1,2,martes,f
20241002,2024-10-02,2024,4,10,2024-10,octubre,2,3,miércoles,f
20241003,2024-10-03,2024,4,10,2024-10,octubre,3,4,jueves,f
20241004,2024-10-04,2024,4,10,2024-10,octubre,4,5,viernes,f
20241005,2024-10-05,2024,4,10,2024-10,octubre,5,6,sábado,t
20241006,2024-10-06,2024,4,10,2024-10,octubre,6,7,domingo,t
20241007,2024-10-07,2024,4,10,2024-10,octubre,7,1,lunes,f
20241008,2024-10-08,2024,4,10,2024-10,octubre,8,2,martes,f
20241009,2024-10-09,2024,4,10,2024-10,octubre,9,3,miércoles,f
20241010,2024-10-10,2024,4,10,2024-10,octubre,10,4,jueves,f
20241011,2024-10-11,2024,4,10,2024-10,octubre,11,5,viernes,f
20241012,2024-10-12,2024,4,10,2024-10,octubre,12,6,sábado,t
20241013,2024-10-13,2024,4,10,2024-10,octubre,13,7,domingo,t
20241014,2024-10-14,2024,4,10,2024-10,octubre,14,1,lunes,f
20241015,2024-10-15,2024,4,10,2024-10,octubre,15,2,martes,f
20241016,2024-10-16,2024,4,10,2024-10,octubre,16,3,miércoles,f
20241017,2024-10-17,2024,4,10,2024-10,octubre,17,4,jueves,f
20241018,2024-10-18,2024,4,10,2024-10,octubre,18,5,viernes,f
20241019,2024-10-19,2024,4,10,2024-10,octubre,19,6,sábado,t
20241020,2024-10-20,2024,4,10,2024-10,octubre,20,7,domingo,t
20241021,2024-10-21,2024,4,10,2024-10,octubre,21,1,lunes,f
20241022,2024-10-22,2024,4,10,2024-10,octubre,22,2,martes,f
20241023,2024-10-23,2024,4,10,2024-10,octubre,23,3,miércoles,f
20241024,2024-10-24,2024,4,10,2024-10,octubre,24,4,jueves,f
20241025,2024-10-25,2024,4,10,2024-10,octubre,25,5,viernes,f
20241026,2024-10-26,2024,4,10,2024-10,octubre,26,6,sábado,t
20241027,2024-10-27,2024,4,10,2024-10,octubre,27,7,domingo,t
20241028,2024-10-28,2024,4,10,2024-10,octubre,28,1,lunes,f
20241029,2024-10-29,2024,4,10,2024-10,octubre,29,2,martes,f
20241030,2024-10-30,2024,4,10,2024-10,octubre,30,3,miércoles,f
20241031,2024-10-31,2024,4,10,2024-10,octubre,31,4,jueves,f
20241101,2024-11-01,2024,4,11,2024-11,noviembre,1,5,viernes,f
20241102,2024-11-02,2024,4,11,2024-11,noviembre,2,6,sábado,t
20241103,2024-11-03,2024,4,11,2024-11,noviembre,3,7,domingo,t
20241104,2024-11-04,2024,4,11,2024-11,noviembre,4,1,lunes,f
20241105,2024-11-05,2024,4,11,2024-11,noviembre,5,2,martes,f
20241106,2024-11-06,2024,4,11,2024-11,noviembre,6,3,miércoles,f
20241107,2024-11-07,2024,4,11,2024-11,noviembre,7,4,jueves,f
20241108,2024-11-08,2024,4,11,2024-11,noviembre,8,5,viernes,f
20241109,2024-11-09,2024,4,11,2024-11,noviembre,9,6,sábado,t
20241110,2024-11-10,2024,4,11,2024-11,noviembre,10,7,domingo,t
20241111,2024-11-11,2024,4,11,2024-11,noviembre,11,1,lunes,f
20241112,2024-11-12,2024,4,11,2024-11,noviembre,12,2,martes,f
20241113,2024-11-13,2024,4,11,2024-11,noviembre,13,3,miércoles,f
20241114,2024-11-14,2024,4,11,2024-11,noviembre,14,4,jueves,f
20241115,2024-11-15,2024,4,11,2024-11,noviembre,15,5,viernes,f
20241116,2024-11-16,2024,4,11,2024-11,noviembre,16,6,sábado,t
20241117,2024-11-17,2024,4,11,2024-11,noviembre,17,7,domingo,t
20241118,2024-11-18,2024,4,11,2024-11,noviembre,18,1,lunes,f
20241119,2024-11-19,2024,4,11,2024-11,noviembre,19,2,martes,f
20241120,2024-11-20,2024,4,11,2024-11,noviembre,20,3,miércoles,f
20241121,2024-11-21,2024,4,11,2024-11,noviembre,21,4,jueves,f
20241122,2024-11-22,2024,4,11,2024-11,noviembre,22,5,viernes,f
20241123,2024-11-23,2024,4,11,2024-11,noviembre,23,6,sábado,t
20241124,2024-11-24,2024,4,11,2024-11,noviembre,24,7,domingo,t
20241125,2024-11-25,2024,4,11,2024-11,noviembre,25,1,lunes,f
20241126,2024-11-26,2024,4,11,2024-11,noviembre,26,2,martes,f
20241127,2024-11-27,2024,4,11,2024-11,noviembre,27,3,miércoles,f
20241128,2024-11-28,2024,4,11,2024-11,noviembre,28,4,jueves,f
20241129,2024-11-29,2024,4,11,2024-11,noviembre,29,5,viernes,f
20241130,2024-11-30,2024,4,11,2024-11,noviembre,30,6,sábado,t
20241201,2024-12-01,2024,4,12,2024-12,diciembre,1,7,domingo,t
20241202,2024-12-02,2024,4,12,2024-12,diciembre,2,1,lunes,f
20241203,2024-12-03,2024,4,12,2024-12,diciembre,3,2,martes,f
20241204,2024-12-04,2024,4,12,2024-12,diciembre,4,3,miércoles,f
20241205,2024-12-05,2024,4,12,2024-12,diciembre,5,4,jueves,f
20241206,2024-12-06,2024,4,12,2024-12,diciembre,6,5,viernes,f
20241207,2024-12-07,2024,4,12,2024-12,diciembre,7,6,sábado,t
20241208,2024-12-08,2024,4,12,2024-12,diciembre,8,7,domingo,t
20241209,2024-12-09,2024,4,12,2024-12,diciembre,9,1,lunes,f
20241210,2024-12-10,2024,4,12,2024-12,diciembre,10,2,martes,f
20241211,2024-12-11,2024,4,12,2024-12,diciembre,11,3,miércoles,f
20241212,2024-12-12,2024,4,12,2024-12,diciembre,12,4,jueves,f
20241213,2024-12-13,2024,4,12,2024-12,diciembre,13,5,viernes,f
20241214,2024-12-14,2024,4,12,2024-12,diciembre,14,6,sábado,t
20241215,2024-12-15,2024,4,12,2024-12,diciembre,15,7,domingo,t
20241216,2024-12-16,2024,4,12,2024-12,diciembre,16,1,lunes,f
20241217,2024-12-17,2024,4,12,2024-12,diciembre,17,2,martes,f
20241218,2024-12-18,2024,4,12,2024-12,diciembre,18,3,miércoles,f
20241219,2024-12-19,2024,4,12,2024-12,diciembre,19,4,jueves,f
20241220,2024-12-20,2024,4,12,2024-12,diciembre,20,5,viernes,f
20241221,2024-12-21,2024,4,12,2024-12,diciembre,21,6,sábado,t
20241222,2024-12-22,2024,4,12,2024-12,diciembre,22,7,domingo,t
20241223,2024-12-23,2024,4,12,2024-12,diciembre,23,1,lunes,f
20241224,2024-12-24,2024,4,12,2024-12,diciembre,24,2,martes,f
20241225,2024-12-25,2024,4,12,2024-12,diciembre,25,3,miércoles,f
20241226,2024-12-26,2024,4,12,2024-12,diciembre,26,4,jueves,f
20241227,2024-12-27,2024,4,12,2024-12,diciembre,27,5,viernes,f
20241228,2024-12-28,2024,4,12,2024-12,diciembre,28,6,sábado,t
20241229,2024-12-29,2024,4,12,2024-12,diciembre,29,7,domingo,t
20241230,2024-12-30,2024,4,12,2024-12,diciembre,30,1,lunes,f
20241231,2024-12-31,2024,4,12,2024-12,diciembre,31,2,martes,f
20250101,2025-01-01,2025,1,1,2025-01,enero,1,3,miércoles,f
20250102,2025-01-02,2025,1,1,2025-01,enero,2,4,jueves,f
20250103,2025-01-03,2025,1,1,2025-01,enero,3,5,viernes,f
20250104,2025-01-04,2025,1,1,2025-01,enero,4,6,sábado,t
20250105,2025-01-05,2025,1,1,2025-01,enero,5,7,domingo,t
20250106,2025-01-06,2025,1,1,2025-01,enero,6,1,lunes,f
20250107,2025-01-07,2025,1,1,2025-01,enero,7,2,martes,f
20250108,2025-01-08,2025,1,1,2025-01,enero,8,3,miércoles,f
20250109,2025-01-09,2025,1,1,2025-01,enero,9,4,jueves,f
20250110,2025-01-10,2025,1,1,2025-01,enero,10,5,viernes,f
20250111,2025-01-11,2025,1,1,2025-01,enero,11,6,sábado,t
20250112,2025-01-12,2025,1,1,2025-01,enero,12,7,domingo,t
20250113,2025-01-13,2025,1,1,2025-01,enero,13,1,lunes,f
20250114,2025-01-14,2025,1,1,2025-01,enero,14,2,martes,f
20250115,2025-01-15,2025,1,1,2025-01,enero,15,3,miércoles,f
20250116,2025-01-16,2025,1,1,2025-01,enero,16,4,jueves,f
20250117,2025-01-17,2025,1,1,2025-01,enero,17,5,viernes,f
20250118,2025-01-18,2025,1,1,2025-01,enero,18,6,sábado,t
20250119,2025-01-19,2025,1,1,2025-01,enero,19,7,domingo,t
20250120,2025-01-20,2025,1,1,2025-01,enero,20,1,lunes,f
20250121,2025-01-21,2025,1,1,2025-01,enero,21,2,martes,f
20250122,2025-01-22,2025,1,1,2025-01,enero,22,3,miércoles,f
20250123,2025-01-23,2025,1,1,2025-01,enero,23,4,jueves,f
20250124,2025-01-24,2025,1,1,2025-01,enero,24,5,viernes,f
20250125,2025-01-25,2025,1,1,2025-01,enero,25,6,sábado,t
20250126,2025-01-26,2025,1,1,2025-01,enero,26,7,domingo,t
20250127,2025-01-27,2025,1,1,2025-01,enero,27,1,lunes,f
20250128,2025-01-28,2025,1,1,2025-01,enero,28,2,martes,f
20250129,2025-01-29,2025,1,1,2025-01,enero,29,3,miércoles,f
20250130,2025-01-30,2025,1,1,2025-01,enero,30,4,jueves,f
20250131,2025-01-31,2025,1,1,2025-01,enero,31,5,viernes,f
20250201,2025-02-01,2025,1,2,2025-02,febrero,1,6,sábado,t
20250202,2025-02-02,2025,1,2,2025-02,febrero,2,7,domingo,t
20250203,2025-02-03,2025,1,2,2025-02,febrero,3,1,lunes,f
20250204,2025-02-04,2025,1,2,2025-02,febrero,4,2,martes,f
20250205,2025-02-05,2025,1,2,2025-02,febrero,5,3,miércoles,f
20250206,2025-02-06,2025,1,2,2025-02,febrero,6,4,jueves,f
20250207,2025-02-07,2025,1,2,2025-02,febrero,7,5,viernes,f
20250208,2025-02-08,2025,1,2,2025-02,febrero,8,6,sábado,t
20250209,2025-02-09,2025,1,2,2025-02,febrero,9,7,domingo,t
20250210,2025-02-10,2025,1,2,2025-02,febrero,10,1,lunes,f
20250211,2025-02-11,2025,1,2,2025-02,febrero,11,2,martes,f
20250212,2025-02-12,2025,1,2,2025-02,febrero,12,3,miércoles,f
20250213,2025-02-13,2025,1,2,2025-02,febrero,13,4,jueves,f
20250214,2025-02-14,2025,1,2,2025-02,febrero,14,5,viernes,f
20250215,2025-02-15,2025,1,2,2025-02,febrero,15,6,sábado,t
20250216,2025-02-16,2025,1,2,2025-02,febrero,16,7,domingo,t
20250217,2025-02-17,2025,1,2,2025-02,febrero,17,1,lunes,f
20250218,2025-02-18,2025,1,2,2025-02,febrero,18,2,martes,f
20250219,2025-02-19,2025,1,2,2025-02,febrero,19,3,miércoles,f
20250220,2025-02-20,2025,1,2,2025-02,febrero,20,4,jueves,f
20250221,2025-02-21,2025,1,2,2025-02,febrero,21,5,viernes,f
20250222,2025-02-22,2025,1,2,2025-02,febrero,22,6,sábado,t
20250223,2025-02-23,2025,1,2,2025-02,febrero,23,7,domingo,t
20250224,2025-02-24,2025,1,2,2025-02,febrero,24,1,lunes,f
20250225,2025-02-25,2025,1,2,2025-02,febrero,25,2,martes,f
20250226,2025-02-26,2025,1,2,2025-02,febrero,26,3,miércoles,f
20250227,2025-02-27,2025,1,2,2025-02,febrero,27,4,jueves,f
20250228,2025-02-28,2025,1,2,2025-02,febrero,28,5,viernes,f
20250301,2025-03-01,2025,1,3,2025-03,marzo,1,6,sábado,t
20250302,2025-03-02,2025,1,3,2025-03,marzo,2,7,domingo,t
20250303,2025-03-03,2025,1,3,2025-03,marzo,3,1,lunes,f
20250304,2025-03-04,2025,1,3,2025-03,marzo,4,2,martes,f
20250305,2025-03-05,2025,1,3,2025-03,marzo,5,3,miércoles,f
20250306,2025-03-06,2025,1,3,2025-03,marzo,6,4,jueves,f
20250307,2025-03-07,2025,1,3,2025-03,marzo,7,5,viernes,f
20250308,2025-03-08,2025,1,3,2025-03,marzo,8,6,sábado,t
20250309,2025-03-09,2025,1,3,2025-03,marzo,9,7,domingo,t
20250310,2025-03-10,2025,1,3,2025-03,marzo,10,1,lunes,f
20250311,2025-03-11,2025,1,3,2025-03,marzo,11,2,martes,f
20250312,2025-03-12,2025,1,3,2025-03,marzo,12,3,miércoles,f
20250313,2025-03-13,2025,1,3,2025-03,marzo,13,4,jueves,f
20250314,2025-03-14,2025,1,3,2025-03,marzo,14,5,viernes,f
20250315,2025-03-15,2025,1,3,2025-03,marzo,15,6,sábado,t
20250316,2025-03-16,2025,1,3,2025-03,marzo,16,7,domingo,t
20250317,2025-03-17,2025,1,3,2025-03,marzo,17,1,lunes,f
20250318,2025-03-18,2025,1,3,2025-03,marzo,18,2,martes,f
20250319,2025-03-19,2025,1,3,2025-03,marzo,19,3,miércoles,f
20250320,2025-03-20,2025,1,3,2025-03,marzo,20,4,jueves,f
20250321,2025-03-21,2025,1,3,2025-03,marzo,21,5,viernes,f
20250322,2025-03-22,2025,1,3,2025-03,marzo,22,6,sábado,t
20250323,2025-03-23,2025,1,3,2025-03,marzo,23,7,domingo,t
20250324,2025-03-24,2025,1,3,2025-03,marzo,24,1,lunes,f
20250325,2025-03-25,2025,1,3,2025-03,marzo,25,2,martes,f
20250326,2025-03-26,2025,1,3,2025-03,marzo,26,3,miércoles,f
20250327,2025-03-27,2025,1,3,2025-03,marzo,27,4,jueves,f
20250328,2025-03-28,2025,1,3,2025-03,marzo,28,5,viernes,f
20250329,2025-03-29,2025,1,3,2025-03,marzo,29,6,sábado,t
20250330,2025-03-30,2025,1,3,2025-03,marzo,30,7,domingo,t
20250331,2025-03-31,2025,1,3,2025-03,marzo,31,1,lunes,f
20250401,2025-04-01,2025,2,4,2025-04,abril,1,2,martes,f
20250402,2025-04-02,2025,2,4,2025-04,abril,2,3,miércoles,f
20250403,2025-04-03,2025,2,4,2025-04,abril,3,4,jueves,f
20250404,2025-04-04,2025,2,4,2025-04,abril,4,5,viernes,f
20250405,2025-04-05,2025,2,4,2025-04,abril,5,6,sábado,t
20250406,2025-04-06,2025,2,4,2025-04,abril,6,7,domingo,t
20250407,2025-04-07,2025,2,4,2025-04,abril,7,1,lunes,f
20250408,2025-04-08,2025,2,4,2025-04,abril,8,2,martes,f
20250409,2025-04-09,2025,2,4,2025-04,abril,9,3,miércoles,f
20250410,2025-04-10,2025,2,4,2025-04,abril,10,4,jueves,f
20250411,2025-04-11,2025,2,4,2025-04,abril,11,5,viernes,f
20250412,2025-04-12,2025,2,4,2025-04,abril,12,6,sábado,t
20250413,2025-04-13,2025,2,4,2025-04,abril,13,7,domingo,t
20250414,2025-04-14,2025,2,4,2025-04,abril,14,1,lunes,f
20250415,2025-04-15,2025,2,4,2025-04,abril,15,2,martes,f
20250416,2025-04-16,2025,2,4,2025-04,abril,16,3,miércoles,f
20250417,2025-04-17,2025,2,4,2025-04,abril,17,4,jueves,f
20250418,2025-04-18,2025,2,4,2025-04,abril,18,5,viernes,f
20250419,2025-04-19,2025,2,4,2025-04,abril,19,6,sábado,t
20250420,2025-04-20,2025,2,4,2025-04,abril,20,7,domingo,t
20250421,2025-04-21,2025,2,4,2025-04,abril,21,1,lunes,f
20250422,2025-04-22,2025,2,4,2025-04,abril,22,2,martes,f
20250423,2025-04-23,2025,2,4,2025-04,abril,23,3,miércoles,f
20250424,2025-04-24,2025,2,4,2025-04,abril,24,4,jueves,f
20250425,2025-04-25,2025,2,4,2025-04,abril,25,5,viernes,f
20250426,2025-04-26,2025,2,4,2025-04,abril,26,6,sábado,t
20250427,2025-04-27,2025,2,4,2025-04,abril,27,7,domingo,t
20250428,2025-04-28,2025,2,4,2025-04,abril,28,1,lunes,f
20250429,2025-04-29,2025,2,4,2025-04,abril,29,2,martes,f
20250430,2025-04-30,2025,2,4,2025-04,abril,30,3,miércoles,f
20250501,2025-05-01,2025,2,5,2025-05,mayo,1,4,jueves,f
20250502,2025-05-02,2025,2,5,2025-05,mayo,2,5,viernes,f
20250503,2025-05-03,2025,2,5,2025-05,mayo,3,6,sábado,t
20250504,2025-05-04,2025,2,5,2025-05,mayo,4,7,domingo,t
20250505,2025-05-05,2025,2,5,2025-05,mayo,5,1,lunes,f
20250506,2025-05-06,2025,2,5,2025-05,mayo,6,2,martes,f
20250507,2025-05-07,2025,2,5,2025-05,mayo,7,3,miércoles,f
20250508,2025-05-08,2025,2,5,2025-05,mayo,8,4,jueves,f
20250509,2025-05-09,2025,2,5,2025-05,mayo,9,5,viernes,f
20250510,2025-05-10,2025,2,5,2025-05,mayo,10,6,sábado,t
20250511,2025-05-11,2025,2,5,2025-05,mayo,11,7,domingo,t
20250512,2025-05-12,2025,2,5,2025-05,mayo,12,1,lunes,f
20250513,2025-05-13,2025,2,5,2025-05,mayo,13,2,martes,f
20250514,2025-05-14,2025,2,5,2025-05,mayo,14,3,miércoles,f
20250515,2025-05-15,2025,2,5,2025-05,mayo,15,4,jueves,f
20250516,2025-05-16,2025,2,5,2025-05,mayo,16,5,viernes,f
20250517,2025-05-17,2025,2,5,2025-05,mayo,17,6,sábado,t
20250518,2025-05-18,2025,2,5,2025-05,mayo,18,7,domingo,t
20250519,2025-05-19,2025,2,5,2025-05,mayo,19,1,lunes,f
20250520,2025-05-20,2025,2,5,2025-05,mayo,20,2,martes,f
20250521,2025-05-21,2025,2,5,2025-05,mayo,21,3,miércoles,f
20250522,2025-05-22,2025,2,5,2025-05,mayo,22,4,jueves,f
20250523,2025-05-23,2025,2,5,2025-05,mayo,23,5,viernes,f
20250524,2025-05-24,2025,2,5,2025-05,mayo,24,6,sábado,t
20250525,2025-05-25,2025,2,5,2025-05,mayo,25,7,domingo,t
20250526,2025-05-26,2025,2,5,2025-05,mayo,26,1,lunes,f
20250527,2025-05-27,2025,2,5,2025-05,mayo,27,2,martes,f
20250528,2025-05-28,2025,2,5,2025-05,mayo,28,3,miércoles,f
20250529,2025-05-29,2025,2,5,2025-05,mayo,29,4,jueves,f
20250530,2025-05-30,2025,2,5,2025-05,mayo,30,5,viernes,f
20250531,2025-05-31,2025,2,5,2025-05,mayo,31,6,sábado,t
20250601,2025-06-01,2025,2,6,2025-06,junio,1,7,domingo,t
20250602,2025-06-02,2025,2,6,2025-06,junio,2,1,lunes,f
20250603,2025-06-03,2025,2,6,2025-06,junio,3,2,martes,f
20250604,2025-06-04,2025,2,6,2025-06,junio,4,3,miércoles,f
20250605,2025-06-05,2025,2,6,2025-06,junio,5,4,jueves,f
20250606,2025-06-06,2025,2,6,2025-06,junio,6,5,viernes,f
20250607,2025-06-07,2025,2,6,2025-06,junio,7,6,sábado,t
20250608,2025-06-08,2025,2,6,2025-06,junio,8,7,domingo,t
20250609,2025-06-09,2025,2,6,2025-06,junio,9,1,lunes,f
20250610,2025-06-10,2025,2,6,2025-06,junio,10,2,martes,f
20250611,2025-06-11,2025,2,6,2025-06,junio,11,3,miércoles,f
20250612,2025-06-12,2025,2,6,2025-06,junio,12,4,jueves,f
20250613,2025-06-13,2025,2,6,2025-06,junio,13,5,viernes,f
20250614,2025-06-14,2025,2,6,2025-06,junio,14,6,sábado,t
20250615,2025-06-15,2025,2,6,2025-06,junio,15,7,domingo,t
20250616,2025-06-16,2025,2,6,2025-06,junio,16,1,lunes,f
20250617,2025-06-17,2025,2,6,2025-06,junio,17,2,martes,f
20250618,2025-06-18,2025,2,6,2025-06,junio,18,3,miércoles,f
20250619,2025-06-19,2025,2,6,2025-06,junio,19,4,jueves,f
20250620,2025-06-20,2025,2,6,2025-06,junio,20,5,viernes,f
20250621,2025-06-21,2025,2,6,2025-06,junio,21,6,sábado,t
20250622,2025-06-22,2025,2,6,2025-06,junio,22,7,domingo,t
20250623,2025-06-23,2025,2,6,2025-06,junio,23,1,lunes,f
20250624,2025-06-24,2025,2,6,2025-06,junio,24,2,martes,f
20250625,2025-06-25,2025,2,6,2025-06,junio,25,3,miércoles,f
20250626,2025-06-26,2025,2,6,2025-06,junio,26,4,jueves,f
20250627,2025-06-27,2025,2,6,2025-06,junio,27,5,viernes,f
20250628,2025-06-28,2025,2,6,2025-06,junio,28,6,sábado,t
20250629,2025-06-29,2025,2,6,2025-06,junio,29,7,domingo,t
20250630,2025-06-30,2025,2,6,2025-06,junio,30,1,lunes,f
20250701,2025-07-01,2025,3,7,2025-07,julio,1,2,martes,f
20250702,2025-07-02,2025,3,7,2025-07,julio,2,3,miércoles,f
20250703,2025-07-03,2025,3,7,2025-07,julio,3,4,jueves,f
20250704,2025-07-04,2025,3,7,2025-07,julio,4,5,viernes,f
20250705,2025-07-05,2025,3,7,2025-07,julio,5,6,sábado,t
20250706,2025-07-06,2025,3,7,2025-07,julio,6,7,domingo,t
20250707,2025-07-07,2025,3,7,2025-07,julio,7,1,lunes,f
20250708,2025-07-08,2025,3,7,2025-07,julio,8,2,martes,f
20250709,2025-07-09,2025,3,7,2025-07,julio,9,3,miércoles,f
20250710,2025-07-10,2025,3,7,2025-07,julio,10,4,jueves,f
20250711,2025-07-11,2025,3,7,2025-07,julio,11,5,viernes,f
20250712,2025-07-12,2025,3,7,2025-07,julio,12,6,sábado,t
20250713,2025-07-13,2025,3,7,2025-07,julio,13,7,domingo,t
20250714,2025-07-14,2025,3,7,2025-07,julio,14,1,lunes,f
20250715,2025-07-15,2025,3,7,2025-07,julio,15,2,martes,f
20250716,2025-07-16,2025,3,7,2025-07,julio,16,3,miércoles,f
20250717,2025-07-17,2025,3,7,2025-07,julio,17,4,jueves,f
20250718,2025-07-18,2025,3,7,2025-07,julio,18,5,viernes,f
20250719,2025-07-19,2025,3,7,2025-07,julio,19,6,sábado,t
20250720,2025-07-20,2025,3,7,2025-07,julio,20,7,domingo,t
20250721,2025-07-21,2025,3,7,2025-07,julio,21,1,lunes,f
20250722,2025-07-22,2025,3,7,2025-07,julio,22,2,martes,f
20250723,2025-07-23,2025,3,7,2025-07,julio,23,3,miércoles,f
20250724,2025-07-24,2025,3,7,2025-07,julio,24,4,jueves,f
20250725,2025-07-25,2025,3,7,2025-07,julio,25,5,viernes,f
20250726,2025-07-26,2025,3,7,2025-07,julio,26,6,sábado,t
20250727,2025-07-27,2025,3,7,2025-07,julio,27,7,domingo,t
20250728,2025-07-28,2025,3,7,2025-07,julio,28,1,lunes,f
20250729,2025-07-29,2025,3,7,2025-07,julio,29,2,martes,f
20250730,2025-07-30,2025,3,7,2025-07,julio,30,3,miércoles,f
20250731,2025-07-31,2025,3,7,2025-07,julio,31,4,jueves,f
20250801,2025-08-01,2025,3,8,2025-08,agosto,1,5,viernes,f
20250802,2025-08-02,2025,3,8,2025-08,agosto,2,6,sábado,t
20250803,2025-08-03,2025,3,8,2025-08,agosto,3,7,domingo,t
20250804,2025-08-04,2025,3,8,2025-08,agosto,4,1,lunes,f
20250805,2025-08-05,2025,3,8,2025-08,agosto,5,2,martes,f
20250806,2025-08-06,2025,3,8,2025-08,agosto,6,3,miércoles,f
20250807,2025-08-07,2025,3,8,2025-08,agosto,7,4,jueves,f
20250808,2025-08-08,2025,3,8,2025-08,agosto,8,5,viernes,f
20250809,2025-08-09,2025,3,8,2025-08,agosto,9,6,sábado,t
20250810,2025-08-10,2025,3,8,2025-08,agosto,10,7,domingo,t
20250811,2025-08-11,2025,3,8,2025-08,agosto,11,1,lunes,f
20250812,2025-08-12,2025,3,8,2025-08,agosto,12,2,martes,f
20250813,2025-08-13,2025,3,8,2025-08,agosto,13,3,miércoles,f
20250814,2025-08-14,2025,3,8,2025-08,agosto,14,4,jueves,f
20250815,2025-08-15,2025,3,8,2025-08,agosto,15,5,viernes,f
20250816,2025-08-16,2025,3,8,2025-08,agosto,16,6,sábado,t
20250817,2025-08-17,2025,3,8,2025-08,agosto,17,7,domingo,t
20250818,2025-08-18,2025,3,8,2025-08,agosto,18,1,lunes,f
20250819,2025-08-19,2025,3,8,2025-08,agosto,19,2,martes,f
20250820,2025-08-20,2025,3,8,2025-08,agosto,20,3,miércoles,f
20250821,2025-08-21,2025,3,8,2025-08,agosto,21,4,jueves,f
20250822,2025-08-22,2025,3,8,2025-08,agosto,22,5,viernes,f
20250823,2025-08-23,2025,3,8,2025-08,agosto,23,6,sábado,t
20250824,2025-08-24,2025,3,8,2025-08,agosto,24,7,domingo,t
20250825,2025-08-25,2025,3,8,2025-08,agosto,25,1,lunes,f
20250826,2025-08-26,2025,3,8,2025-08,agosto,26,2,martes,f
20250827,2025-08-27,2025,3,8,2025-08,agosto,27,3,miércoles,f
20250828,2025-08-28,2025,3,8,2025-08,agosto,28,4,jueves,f
20250829,2025-08-29,2025,3,8,2025-08,agosto,29,5,viernes,f
20250830,2025-08-30,2025,3,8,2025-08,agosto,30,6,sábado,t
20250831,2025-08-31,2025,3,8,2025-08,agosto,31,7,domingo,t
20250901,2025-09-01,2025,3,9,2025-09,septiembre,1,1,lunes,f
20250902,2025-09-02,2025,3,9,2025-09,septiembre,2,2,martes,f
20250903,2025-09-03,2025,3,9,2025-09,septiembre,3,3,miércoles,f
20250904,2025-09-04,2025,3,9,2025-09,septiembre,4,4,jueves,f
20250905,2025-09-05,2025,3,9,2025-09,septiembre,5,5,viernes,f
20250906,2025-09-06,2025,3,9,2025-09,septiembre,6,6,sábado,t
20250907,2025-09-07,2025,3,9,2025-09,septiembre,7,7,domingo,t
20250908,2025-09-08,2025,3,9,2025-09,septiembre,8,1,lunes,f
20250909,2025-09-09,2025,3,9,2025-09,septiembre,9,2,martes,f
20250910,2025-09-10,2025,3,9,2025-09,septiembre,10,3,miércoles,f
20250911,2025-09-11,2025,3,9,2025-09,septiembre,11,4,jueves,f
20250912,2025-09-12,2025,3,9,2025-09,septiembre,12,5,viernes,f
20250913,2025-09-13,2025,3,9,2025-09,septiembre,13,6,sábado,t
20250914,2025-09-14,2025,3,9,2025-09,septiembre,14,7,domingo,t
20250915,2025-09-15,2025,3,9,2025-09,septiembre,15,1,lunes,f
20250916,2025-09-16,2025,3,9,2025-09,septiembre,16,2,martes,f
20250917,2025-09-17,2025,3,9,2025-09,septiembre,17,3,miércoles,f
20250918,2025-09-18,2025,3,9,2025-09,septiembre,18,4,jueves,f
20250919,2025-09-19,2025,3,9,2025-09,septiembre,19,5,viernes,f
20250920,2025-09-20,2025,3,9,2025-09,septiembre,20,6,sábado,t
20250921,2025-09-21,2025,3,9,2025-09,septiembre,21,7,domingo,t
20250922,2025-09-22,2025,3,9,2025-09,septiembre,22,1,lunes,f
20250923,2025-09-23,2025,3,9,2025-09,septiembre,23,2,martes,f
20250924,2025-09-24,2025,3,9,2025-09,septiembre,24,3,miércoles,f
20250925,2025-09-25,2025,3,9,2025-09,septiembre,25,4,jueves,f
20250926,2025-09-26,2025,3,9,2025-09,septiembre,26,5,viernes,f
20250927,2025-09-27,2025,3,9,2025-09,septiembre,27,6,sábado,t
20250928,2025-09-28,2025,3,9,2025-09,septiembre,28,7,domingo,t
20250929,2025-09-29,2025,3,9,2025-09,septiembre,29,1,lunes,f
20250930,2025-09-30,2025,3,9,2025-09,septiembre,30,2,martes,f
20251001,2025-10-01,2025,4,10,2025-10,octubre,1,3,miércoles,f
20251002,2025-10-02,2025,4,10,2025-10,octubre,2,4,jueves,f
20251003,2025-10-03,2025,4,10,2025-10,octubre,3,5,viernes,f
20251004,2025-10-04,2025,4,10,2025-10,octubre,4,6,sábado,t
20251005,2025-10-05,2025,4,10,2025-10,octubre,5,7,domingo,t
20251006,2025-10-06,2025,4,10,2025-10,octubre,6,1,lunes,f
20251007,2025-10-07,2025,4,10,2025-10,octubre,7,2,martes,f
20251008,2025-10-08,2025,4,10,2025-10,octubre,8,3,miércoles,f
20251009,2025-10-09,2025,4,10,2025-10,octubre,9,4,jueves,f
20251010,2025-10-10,2025,4,10,2025-10,octubre,10,5,viernes,f
20251011,2025-10-11,2025,4,10,2025-10,octubre,11,6,sábado,t
20251012,2025-10-12,2025,4,10,2025-10,octubre,12,7,domingo,t
20251013,2025-10-13,2025,4,10,2025-10,octubre,13,1,lunes,f
20251014,2025-10-14,2025,4,10,2025-10,octubre,14,2,martes,f
20251015,2025-10-15,2025,4,10,2025-10,octubre,15,3,miércoles,f
20251016,2025-10-16,2025,4,10,2025-10,octubre,16,4,jueves,f
20251017,2025-10-17,2025,4,10,2025-10,octubre,17,5,viernes,f
20251018,2025-10-18,2025,4,10,2025-10,octubre,18,6,sábado,t
20251019,2025-10-19,2025,4,10,2025-10,octubre,19,7,domingo,t
20251020,2025-10-20,2025,4,10,2025-10,octubre,20,1,lunes,f
20251021,2025-10-21,2025,4,10,2025-10,octubre,21,2,martes,f
20251022,2025-10-22,2025,4,10,2025-10,octubre,22,3,miércoles,f
20251023,2025-10-23,2025,4,10,2025-10,octubre,23,4,jueves,f
20251024,2025-10-24,2025,4,10,2025-10,octubre,24,5,viernes,f
20251025,2025-10-25,2025,4,10,2025-10,octubre,25,6,sábado,t
20251026,2025-10-26,2025,4,10,2025-10,octubre,26,7,domingo,t
20251027,2025-10-27,2025,4,10,2025-10,octubre,27,1,lunes,f
20251028,2025-10-28,2025,4,10,2025-10,octubre,28,2,martes,f
20251029,2025-10-29,2025,4,10,2025-10,octubre,29,3,miércoles,f
20251030,2025-10-30,2025,4,10,2025-10,octubre,30,4,jueves,f
20251031,2025-10-31,2025,4,10,2025-10,octubre,31,5,viernes,f
20251101,2025-11-01,2025,4,11,2025-11,noviembre,1,6,sábado,t
20251102,2025-11-02,2025,4,11,2025-11,noviembre,2,7,domingo,t
20251103,2025-11-03,2025,4,11,2025-11,noviembre,3,1,lunes,f
20251104,2025-11-04,2025,4,11,2025-11,noviembre,4,2,martes,f
20251105,2025-11-05,2025,4,11,2025-11,noviembre,5,3,miércoles,f
20251106,2025-11-06,2025,4,11,2025-11,noviembre,6,4,jueves,f
20251107,2025-11-07,2025,4,11,2025-11,noviembre,7,5,viernes,f
20251108,2025-11-08,2025,4,11,2025-11,noviembre,8,6,sábado,t
20251109,2025-11-09,2025,4,11,2025-11,noviembre,9,7,domingo,t
20251110,2025-11-10,2025,4,11,2025-11,noviembre,10,1,lunes,f
20251111,2025-11-11,2025,4,11,2025-11,noviembre,11,2,martes,f
20251112,2025-11-12,2025,4,11,2025-11,noviembre,12,3,miércoles,f
20251113,2025-11-13,2025,4,11,2025-11,noviembre,13,4,jueves,f
20251114,2025-11-14,2025,4,11,2025-11,noviembre,14,5,viernes,f
20251115,2025-11-15,2025,4,11,2025-11,noviembre,15,6,sábado,t
20251116,2025-11-16,2025,4,11,2025-11,noviembre,16,7,domingo,t
20251117,2025-11-17,2025,4,11,2025-11,noviembre,17,1,lunes,f
20251118,2025-11-18,2025,4,11,2025-11,noviembre,18,2,martes,f
20251119,2025-11-19,2025,4,11,2025-11,noviembre,19,3,miércoles,f
20251120,2025-11-20,2025,4,11,2025-11,noviembre,20,4,jueves,f
20251121,2025-11-21,2025,4,11,2025-11,noviembre,21,5,viernes,f
20251122,2025-11-22,2025,4,11,2025-11,noviembre,22,6,sábado,t
20251123,2025-11-23,2025,4,11,2025-11,noviembre,23,7,domingo,t
20251124,2025-11-24,2025,4,11,2025-11,noviembre,24,1,lunes,f
20251125,2025-11-25,2025,4,11,2025-11,noviembre,25,2,martes,f
20251126,2025-11-26,2025,4,11,2025-11,noviembre,26,3,miércoles,f
20251127,2025-11-27,2025,4,11,2025-11,noviembre,27,4,jueves,f
20251128,2025-11-28,2025,4,11,2025-11,noviembre,28,5,viernes,f
20251129,2025-11-29,2025,4,11,2025-11,noviembre,29,6,sábado,t
20251130,2025-11-30,2025,4,11,2025-11,noviembre,30,7,domingo,t
20251201,2025-12-01,2025,4,12,2025-12,diciembre,1,1,lunes,f
20251202,2025-12-02,2025,4,12,2025-12,diciembre,2,2,martes,f
20251203,2025-12-03,2025,4,12,2025-12,diciembre,3,3,miércoles,f
20251204,2025-12-04,2025,4,12,2025-12,diciembre,4,4,jueves,f
20251205,2025-12-05,2025,4,12,2025-12,diciembre,5,5,viernes,f
20251206,2025-12-06,2025,4,12,2025-12,diciembre,6,6,sábado,t
20251207,2025-12-07,2025,4,12,2025-12,diciembre,7,7,domingo,t
20251208,2025-12-08,2025,4,12,2025-12,diciembre,8,1,lunes,f
20251209,2025-12-09,2025,4,12,2025-12,diciembre,9,2,martes,f
20251210,2025-12-10,2025,4,12,2025-12,diciembre,10,3,miércoles,f
20251211,2025-12-11,2025,4,12,2025-12,diciembre,11,4,jueves,f
20251212,2025-12-12,2025,4,12,2025-12,diciembre,12,5,viernes,f
20251213,2025-12-13,2025,4,12,2025-12,diciembre,13,6,sábado,t
20251214,2025-12-14,2025,4,12,2025-12,diciembre,14,7,domingo,t
20251215,2025-12-15,2025,4,12,2025-12,diciembre,15,1,lunes,f
20251216,2025-12-16,2025,4,12,2025-12,diciembre,16,2,martes,f
20251217,2025-12-17,2025,4,12,2025-12,diciembre,17,3,miércoles,f
20251218,2025-12-18,2025,4,12,2025-12,diciembre,18,4,jueves,f
20251219,2025-12-19,2025,4,12,2025-12,diciembre,19,5,viernes,f
20251220,2025-12-20,2025,4,12,2025-12,diciembre,20,6,sábado,t
20251221,2025-12-21,2025,4,12,2025-12,diciembre,21,7,domingo,t
20251222,2025-12-22,2025,4,12,2025-12,diciembre,22,1,lunes,f
20251223,2025-12-23,2025,4,12,2025-12,diciembre,23,2,martes,f
20251224,2025-12-24,2025,4,12,2025-12,diciembre,24,3,miércoles,f
20251225,2025-12-25,2025,4,12,2025-12,diciembre,25,4,jueves,f
20251226,2025-12-26,2025,4,12,2025-12,diciembre,26,5,viernes,f
20251227,2025-12-27,2025,4,12,2025-12,diciembre,27,6,sábado,t
20251228,2025-12-28,2025,4,12,2025-12,diciembre,28,7,domingo,t
20251229,2025-12-29,2025,4,12,2025-12,diciembre,29,1,lunes,f
20251230,2025-12-30,2025,4,12,2025-12,diciembre,30,2,martes,f
20251231,2025-12-31,2025,4,12,2025-12,diciembre,31,3,miércoles,f
20260101,2026-01-01,2026,1,1,2026-01,enero,1,4,jueves,f
20260102,2026-01-02,2026,1,1,2026-01,enero,2,5,viernes,f
20260103,2026-01-03,2026,1,1,2026-01,enero,3,6,sábado,t
20260104,2026-01-04,2026,1,1,2026-01,enero,4,7,domingo,t
20260105,2026-01-05,2026,1,1,2026-01,enero,5,1,lunes,f
20260106,2026-01-06,2026,1,1,2026-01,enero,6,2,martes,f
20260107,2026-01-07,2026,1,1,2026-01,enero,7,3,miércoles,f
20260108,2026-01-08,2026,1,1,2026-01,enero,8,4,jueves,f
20260109,2026-01-09,2026,1,1,2026-01,enero,9,5,viernes,f
20260110,2026-01-10,2026,1,1,2026-01,enero,10,6,sábado,t
20260111,2026-01-11,2026,1,1,2026-01,enero,11,7,domingo,t
20260112,2026-01-12,2026,1,1,2026-01,enero,12,1,lunes,f
20260113,2026-01-13,2026,1,1,2026-01,enero,13,2,martes,f
20260114,2026-01-14,2026,1,1,2026-01,enero,14,3,miércoles,f
20260115,2026-01-15,2026,1,1,2026-01,enero,15,4,jueves,f
20260116,2026-01-16,2026,1,1,2026-01,enero,16,5,viernes,f
20260117,2026-01-17,2026,1,1,2026-01,enero,17,6,sábado,t
20260118,2026-01-18,2026,1,1,2026-01,enero,18,7,domingo,t
20260119,2026-01-19,2026,1,1,2026-01,enero,19,1,lunes,f
20260120,2026-01-20,2026,1,1,2026-01,enero,20,2,martes,f
20260121,2026-01-21,2026,1,1,2026-01,enero,21,3,miércoles,f
20260122,2026-01-22,2026,1,1,2026-01,enero,22,4,jueves,f
20260123,2026-01-23,2026,1,1,2026-01,enero,23,5,viernes,f
20260124,2026-01-24,2026,1,1,2026-01,enero,24,6,sábado,t
20260125,2026-01-25,2026,1,1,2026-01,enero,25,7,domingo,t
20260126,2026-01-26,2026,1,1,2026-01,enero,26,1,lunes,f
20260127,2026-01-27,2026,1,1,2026-01,enero,27,2,martes,f
20260128,2026-01-28,2026,1,1,2026-01,enero,28,3,miércoles,f
20260129,2026-01-29,2026,1,1,2026-01,enero,29,4,jueves,f
20260130,2026-01-30,2026,1,1,2026-01,enero,30,5,viernes,f
20260131,2026-01-31,2026,1,1,2026-01,enero,31,6,sábado,t
20260201,2026-02-01,2026,1,2,2026-02,febrero,1,7,domingo,t
20260202,2026-02-02,2026,1,2,2026-02,febrero,2,1,lunes,f
20260203,2026-02-03,2026,1,2,2026-02,febrero,3,2,martes,f
20260204,2026-02-04,2026,1,2,2026-02,febrero,4,3,miércoles,f
20260205,2026-02-05,2026,1,2,2026-02,febrero,5,4,jueves,f
20260206,2026-02-06,2026,1,2,2026-02,febrero,6,5,viernes,f
20260207,2026-02-07,2026,1,2,2026-02,febrero,7,6,sábado,t
20260208,2026-02-08,2026,1,2,2026-02,febrero,8,7,domingo,t
20260209,2026-02-09,2026,1,2,2026-02,febrero,9,1,lunes,f
20260210,2026-02-10,2026,1,2,2026-02,febrero,10,2,martes,f
20260211,2026-02-11,2026,1,2,2026-02,febrero,11,3,miércoles,f
20260212,2026-02-12,2026,1,2,2026-02,febrero,12,4,jueves,f
20260213,2026-02-13,2026,1,2,2026-02,febrero,13,5,viernes,f
20260214,2026-02-14,2026,1,2,2026-02,febrero,14,6,sábado,t
20260215,2026-02-15,2026,1,2,2026-02,febrero,15,7,domingo,t
20260216,2026-02-16,2026,1,2,2026-02,febrero,16,1,lunes,f
20260217,2026-02-17,2026,1,2,2026-02,febrero,17,2,martes,f
20260218,2026-02-18,2026,1,2,2026-02,febrero,18,3,miércoles,f
20260219,2026-02-19,2026,1,2,2026-02,febrero,19,4,jueves,f
20260220,2026-02-20,2026,1,2,2026-02,febrero,20,5,viernes,f
20260221,2026-02-21,2026,1,2,2026-02,febrero,21,6,sábado,t
20260222,2026-02-22,2026,1,2,2026-02,febrero,22,7,domingo,t
20260223,2026-02-23,2026,1,2,2026-02,febrero,23,1,lunes,f
20260224,2026-02-24,2026,1,2,2026-02,febrero,24,2,martes,f
20260225,2026-02-25,2026,1,2,2026-02,febrero,25,3,miércoles,f
20260226,2026-02-26,2026,1,2,2026-02,febrero,26,4,jueves,f
20260227,2026-02-27,2026,1,2,2026-02,febrero,27,5,viernes,f
20260228,2026-02-28,2026,1,2,2026-02,febrero,28,6,sábado,t
20260301,2026-03-01,2026,1,3,2026-03,marzo,1,7,domingo,t
20260302,2026-03-02,2026,1,3,2026-03,marzo,2,1,lunes,f
20260303,2026-03-03,2026,1,3,2026-03,marzo,3,2,martes,f
20260304,2026-03-04,2026,1,3,2026-03,marzo,4,3,miércoles,f
20260305,2026-03-05,2026,1,3,2026-03,marzo,5,4,jueves,f
20260306,2026-03-06,2026,1,3,2026-03,marzo,6,5,viernes,f
20260307,2026-03-07,2026,1,3,2026-03,marzo,7,6,sábado,t
20260308,2026-03-08,2026,1,3,2026-03,marzo,8,7,domingo,t
20260309,2026-03-09,2026,1,3,2026-03,marzo,9,1,lunes,f
20260310,2026-03-10,2026,1,3,2026-03,marzo,10,2,martes,f
20260311,2026-03-11,2026,1,3,2026-03,marzo,11,3,miércoles,f
20260312,2026-03-12,2026,1,3,2026-03,marzo,12,4,jueves,f
20260313,2026-03-13,2026,1,3,2026-03,marzo,13,5,viernes,f
20260314,2026-03-14,2026,1,3,2026-03,marzo,14,6,sábado,t
20260315,2026-03-15,2026,1,3,2026-03,marzo,15,7,domingo,t
20260316,2026-03-16,2026,1,3,2026-03,marzo,16,1,lunes,f
20260317,2026-03-17,2026,1,3,2026-03,marzo,17,2,martes,f
20260318,2026-03-18,2026,1,3,2026-03,marzo,18,3,miércoles,f
20260319,2026-03-19,2026,1,3,2026-03,marzo,19,4,jueves,f
20260320,2026-03-20,2026,1,3,2026-03,marzo,20,5,viernes,f
20260321,2026-03-21,2026,1,3,2026-03,marzo,21,6,sábado,t
20260322,2026-03-22,2026,1,3,2026-03,marzo,22,7,domingo,t
20260323,2026-03-23,2026,1,3,2026-03,marzo,23,1,lunes,f
20260324,2026-03-24,2026,1,3,2026-03,marzo,24,2,martes,f
20260325,2026-03-25,2026,1,3,2026-03,marzo,25,3,miércoles,f
20260326,2026-03-26,2026,1,3,2026-03,marzo,26,4,jueves,f
20260327,2026-03-27,2026,1,3,2026-03,marzo,27,5,viernes,f
20260328,2026-03-28,2026,1,3,2026-03,marzo,28,6,sábado,t
20260329,2026-03-29,2026,1,3,2026-03,marzo,29,7,domingo,t
20260330,2026-03-30,2026,1,3,2026-03,marzo,30,1,lunes,f
20260331,2026-03-31,2026,1,3,2026-03,marzo,31,2,martes,f
20260401,2026-04-01,2026,2,4,2026-04,abril,1,3,miércoles,f
20260402,2026-04-02,2026,2,4,2026-04,abril,2,4,jueves,f
20260403,2026-04-03,2026,2,4,2026-04,abril,3,5,viernes,f
20260404,2026-04-04,2026,2,4,2026-04,abril,4,6,sábado,t
20260405,2026-04-05,2026,2,4,2026-04,abril,5,7,domingo,t
20260406,2026-04-06,2026,2,4,2026-04,abril,6,1,lunes,f
20260407,2026-04-07,2026,2,4,2026-04,abril,7,2,martes,f
20260408,2026-04-08,2026,2,4,2026-04,abril,8,3,miércoles,f
20260409,2026-04-09,2026,2,4,2026-04,abril,9,4,jueves,f
20260410,2026-04-10,2026,2,4,2026-04,abril,10,5,viernes,f
20260411,2026-04-11,2026,2,4,2026-04,abril,11,6,sábado,t
20260412,2026-04-12,2026,2,4,2026-04,abril,12,7,domingo,t
20260413,2026-04-13,2026,2,4,2026-04,abril,13,1,lunes,f
20260414,2026-04-14,2026,2,4,2026-04,abril,14,2,martes,f
20260415,2026-04-15,2026,2,4,2026-04,abril,15,3,miércoles,f
20260416,2026-04-16,2026,2,4,2026-04,abril,16,4,jueves,f
20260417,2026-04-17,2026,2,4,2026-04,abril,17,5,viernes,f
20260418,2026-04-18,2026,2,4,2026-04,abril,18,6,sábado,t
20260419,2026-04-19,2026,2,4,2026-04,abril,19,7,domingo,t
20260420,2026-04-20,2026,2,4,2026-04,abril,20,1,lunes,f
20260421,2026-04-21,2026,2,4,2026-04,abril,21,2,martes,f
20260422,2026-04-22,2026,2,4,2026-04,abril,22,3,miércoles,f
20260423,2026-04-23,2026,2,4,2026-04,abril,23,4,jueves,f
20260424,2026-04-24,2026,2,4,2026-04,abril,24,5,viernes,f
20260425,2026-04-25,2026,2,4,2026-04,abril,25,6,sábado,t
20260426,2026-04-26,2026,2,4,2026-04,abril,26,7,domingo,t
20260427,2026-04-27,2026,2,4,2026-04,abril,27,1,lunes,f
20260428,2026-04-28,2026,2,4,2026-04,abril,28,2,martes,f
20260429,2026-04-29,2026,2,4,2026-04,abril,29,3,miércoles,f
20260430,2026-04-30,2026,2,4,2026-04,abril,30,4,jueves,f
20260501,2026-05-01,2026,2,5,2026-05,mayo,1,5,viernes,f
20260502,2026-05-02,2026,2,5,2026-05,mayo,2,6,sábado,t
20260503,2026-05-03,2026,2,5,2026-05,mayo,3,7,domingo,t
20260504,2026-05-04,2026,2,5,2026-05,mayo,4,1,lunes,f
20260505,2026-05-05,2026,2,5,2026-05,mayo,5,2,martes,f
20260506,2026-05-06,2026,2,5,2026-05,mayo,6,3,miércoles,f
20260507,2026-05-07,2026,2,5,2026-05,mayo,7,4,jueves,f
20260508,2026-05-08,2026,2,5,2026-05,mayo,8,5,viernes,f
20260509,2026-05-09,2026,2,5,2026-05,mayo,9,6,sábado,t
20260510,2026-05-10,2026,2,5,2026-05,mayo,10,7,domingo,t
20260511,2026-05-11,2026,2,5,2026-05,mayo,11,1,lunes,f
20260512,2026-05-12,2026,2,5,2026-05,mayo,12,2,martes,f
20260513,2026-05-13,2026,2,5,2026-05,mayo,13,3,miércoles,f
20260514,2026-05-14,2026,2,5,2026-05,mayo,14,4,jueves,f
20260515,2026-05-15,2026,2,5,2026-05,mayo,15,5,viernes,f
20260516,2026-05-16,2026,2,5,2026-05,mayo,16,6,sábado,t
20260517,2026-05-17,2026,2,5,2026-05,mayo,17,7,domingo,t
20260518,2026-05-18,2026,2,5,2026-05,mayo,18,1,lunes,f
20260519,2026-05-19,2026,2,5,2026-05,mayo,19,2,martes,f
20260520,2026-05-20,2026,2,5,2026-05,mayo,20,3,miércoles,f
20260521,2026-05-21,2026,2,5,2026-05,mayo,21,4,jueves,f
20260522,2026-05-22,2026,2,5,2026-05,mayo,22,5,viernes,f
20260523,2026-05-23,2026,2,5,2026-05,mayo,23,6,sábado,t
20260524,2026-05-24,2026,2,5,2026-05,mayo,24,7,domingo,t
20260525,2026-05-25,2026,2,5,2026-05,mayo,25,1,lunes,f
20260526,2026-05-26,2026,2,5,2026-05,mayo,26,2,martes,f
20260527,2026-05-27,2026,2,5,2026-05,mayo,27,3,miércoles,f
20260528,2026-05-28,2026,2,5,2026-05,mayo,28,4,jueves,f
20260529,2026-05-29,2026,2,5,2026-05,mayo,29,5,viernes,f
20260530,2026-05-30,2026,2,5,2026-05,mayo,30,6,sábado,t
20260531,2026-05-31,2026,2,5,2026-05,mayo,31,7,domingo,t
20260601,2026-06-01,2026,2,6,2026-06,junio,1,1,lunes,f
20260602,2026-06-02,2026,2,6,2026-06,junio,2,2,martes,f
20260603,2026-06-03,2026,2,6,2026-06,junio,3,3,miércoles,f
20260604,2026-06-04,2026,2,6,2026-06,junio,4,4,jueves,f
20260605,2026-06-05,2026,2,6,2026-06,junio,5,5,viernes,f
20260606,2026-06-06,2026,2,6,2026-06,junio,6,6,sábado,t
20260607,2026-06-07,2026,2,6,2026-06,junio,7,7,domingo,t
20260608,2026-06-08,2026,2,6,2026-06,junio,8,1,lunes,f
20260609,2026-06-09,2026,2,6,2026-06,junio,9,2,martes,f
20260610,2026-06-10,2026,2,6,2026-06,junio,10,3,miércoles,f
20260611,2026-06-11,2026,2,6,2026-06,junio,11,4,jueves,f
20260612,2026-06-12,2026,2,6,2026-06,junio,12,5,viernes,f
20260613,2026-06-13,2026,2,6,2026-06,junio,13,6,sábado,t
20260614,2026-06-14,2026,2,6,2026-06,junio,14,7,domingo,t
20260615,2026-06-15,2026,2,6,2026-06,junio,15,1,lunes,f
20260616,2026-06-16,2026,2,6,2026-06,junio,16,2,martes,f
20260617,2026-06-17,2026,2,6,2026-06,junio,17,3,miércoles,f
20260618,2026-06-18,2026,2,6,2026-06,junio,18,4,jueves,f
20260619,2026-06-19,2026,2,6,2026-06,junio,19,5,viernes,f
20260620,2026-06-20,2026,2,6,2026-06,junio,20,6,sábado,t
20260621,2026-06-21,2026,2,6,2026-06,junio,21,7,domingo,t
20260622,2026-06-22,2026,2,6,2026-06,junio,22,1,lunes,f
20260623,2026-06-23,2026,2,6,2026-06,junio,23,2,martes,f
20260624,2026-06-24,2026,2,6,2026-06,junio,24,3,miércoles,f
20260625,2026-06-25,2026,2,6,2026-06,junio,25,4,jueves,f
20260626,2026-06-26,2026,2,6,2026-06,junio,26,5,viernes,f
20260627,2026-06-27,2026,2,6,2026-06,junio,27,6,sábado,t
20260628,2026-06-28,2026,2,6,2026-06,junio,28,7,domingo,t
20260629,2026-06-29,2026,2,6,2026-06,junio,29,1,lunes,f
20260630,2026-06-30,2026,2,6,2026-06,junio,30,2,martes,f
20260701,2026-07-01,2026,3,7,2026-07,julio,1,3,miércoles,f
20260702,2026-07-02,2026,3,7,2026-07,julio,2,4,jueves,f
20260703,2026-07-03,2026,3,7,2026-07,julio,3,5,viernes,f
20260704,2026-07-04,2026,3,7,2026-07,julio,4,6,sábado,t
20260705,2026-07-05,2026,3,7,2026-07,julio,5,7,domingo,t
20260706,2026-07-06,2026,3,7,2026-07,julio,6,1,lunes,f
20260707,2026-07-07,2026,3,7,2026-07,julio,7,2,martes,f
20260708,2026-07-08,2026,3,7,2026-07,julio,8,3,miércoles,f
20260709,2026-07-09,2026,3,7,2026-07,julio,9,4,jueves,f
20260710,2026-07-10,2026,3,7,2026-07,julio,10,5,viernes,f
20260711,2026-07-11,2026,3,7,2026-07,julio,11,6,sábado,t
20260712,2026-07-12,2026,3,7,2026-07,julio,12,7,domingo,t
20260713,2026-07-13,2026,3,7,2026-07,julio,13,1,lunes,f
20260714,2026-07-14,2026,3,7,2026-07,julio,14,2,martes,f
20260715,2026-07-15,2026,3,7,2026-07,julio,15,3,miércoles,f
20260716,2026-07-16,2026,3,7,2026-07,julio,16,4,jueves,f
20260717,2026-07-17,2026,3,7,2026-07,julio,17,5,viernes,f
20260718,2026-07-18,2026,3,7,2026-07,julio,18,6,sábado,t
20260719,2026-07-19,2026,3,7,2026-07,julio,19,7,domingo,t
20260720,2026-07-20,2026,3,7,2026-07,julio,20,1,lunes,f
20260721,2026-07-21,2026,3,7,2026-07,julio,21,2,martes,f
20260722,2026-07-22,2026,3,7,2026-07,julio,22,3,miércoles,f
20260723,2026-07-23,2026,3,7,2026-07,julio,23,4,jueves,f
20260724,2026-07-24,2026,3,7,2026-07,julio,24,5,viernes,f
20260725,2026-07-25,2026,3,7,2026-07,julio,25,6,sábado,t
20260726,2026-07-26,2026,3,7,2026-07,julio,26,7,domingo,t
20260727,2026-07-27,2026,3,7,2026-07,julio,27,1,lunes,f
20260728,2026-07-28,2026,3,7,2026-07,julio,28,2,martes,f
20260729,2026-07-29,2026,3,7,2026-07,julio,29,3,miércoles,f
20260730,2026-07-30,2026,3,7,2026-07,julio,30,4,jueves,f
20260731,2026-07-31,2026,3,7,2026-07,julio,31,5,viernes,f
20260801,2026-08-01,2026,3,8,2026-08,agosto,1,6,sábado,t
20260802,2026-08-02,2026,3,8,2026-08,agosto,2,7,domingo,t
20260803,2026-08-03,2026,3,8,2026-08,agosto,3,1,lunes,f
20260804,2026-08-04,2026,3,8,2026-08,agosto,4,2,martes,f
20260805,2026-08-05,2026,3,8,2026-08,agosto,5,3,miércoles,f
20260806,2026-08-06,2026,3,8,2026-08,agosto,6,4,jueves,f
20260807,2026-08-07,2026,3,8,2026-08,agosto,7,5,viernes,f
20260808,2026-08-08,2026,3,8,2026-08,agosto,8,6,sábado,t
20260809,2026-08-09,2026,3,8,2026-08,agosto,9,7,domingo,t
20260810,2026-08-10,2026,3,8,2026-08,agosto,10,1,lunes,f
20260811,2026-08-11,2026,3,8,2026-08,agosto,11,2,martes,f
20260812,2026-08-12,2026,3,8,2026-08,agosto,12,3,miércoles,f
20260813,2026-08-13,2026,3,8,2026-08,agosto,13,4,jueves,f
20260814,2026-08-14,2026,3,8,2026-08,agosto,14,5,viernes,f
20260815,2026-08-15,2026,3,8,2026-08,agosto,15,6,sábado,t
20260816,2026-08-16,2026,3,8,2026-08,agosto,16,7,domingo,t
20260817,2026-08-17,2026,3,8,2026-08,agosto,17,1,lunes,f
20260818,2026-08-18,2026,3,8,2026-08,agosto,18,2,martes,f
20260819,2026-08-19,2026,3,8,2026-08,agosto,19,3,miércoles,f
20260820,2026-08-20,2026,3,8,2026-08,agosto,20,4,jueves,f
20260821,2026-08-21,2026,3,8,2026-08,agosto,21,5,viernes,f
20260822,2026-08-22,2026,3,8,2026-08,agosto,22,6,sábado,t
20260823,2026-08-23,2026,3,8,2026-08,agosto,23,7,domingo,t
20260824,2026-08-24,2026,3,8,2026-08,agosto,24,1,lunes,f
20260825,2026-08-25,2026,3,8,2026-08,agosto,25,2,martes,f
20260826,2026-08-26,2026,3,8,2026-08,agosto,26,3,miércoles,f
20260827,2026-08-27,2026,3,8,2026-08,agosto,27,4,jueves,f
20260828,2026-08-28,2026,3,8,2026-08,agosto,28,5,viernes,f
20260829,2026-08-29,2026,3,8,2026-08,agosto,29,6,sábado,t
20260830,2026-08-30,2026,3,8,2026-08,agosto,30,7,domingo,t
20260831,2026-08-31,2026,3,8,2026-08,agosto,31,1,lunes,f
20260901,2026-09-01,2026,3,9,2026-09,septiembre,1,2,martes,f
20260902,2026-09-02,2026,3,9,2026-09,septiembre,2,3,miércoles,f
20260903,2026-09-03,2026,3,9,2026-09,septiembre,3,4,jueves,f
20260904,2026-09-04,2026,3,9,2026-09,septiembre,4,5,viernes,f
20260905,2026-09-05,2026,3,9,2026-09,septiembre,5,6,sábado,t
20260906,2026-09-06,2026,3,9,2026-09,septiembre,6,7,domingo,t
20260907,2026-09-07,2026,3,9,2026-09,septiembre,7,1,lunes,f
20260908,2026-09-08,2026,3,9,2026-09,septiembre,8,2,martes,f
20260909,2026-09-09,2026,3,9,2026-09,septiembre,9,3,miércoles,f
20260910,2026-09-10,2026,3,9,2026-09,septiembre,10,4,jueves,f
20260911,2026-09-11,2026,3,9,2026-09,septiembre,11,5,viernes,f
20260912,2026-09-12,2026,3,9,2026-09,septiembre,12,6,sábado,t
20260913,2026-09-13,2026,3,9,2026-09,septiembre,13,7,domingo,t
20260914,2026-09-14,2026,3,9,2026-09,septiembre,14,1,lunes,f
20260915,2026-09-15,2026,3,9,2026-09,septiembre,15,2,martes,f
20260916,2026-09-16,2026,3,9,2026-09,septiembre,16,3,miércoles,f
20260917,2026-09-17,2026,3,9,2026-09,septiembre,17,4,jueves,f
20260918,2026-09-18,2026,3,9,2026-09,septiembre,18,5,viernes,f
20260919,2026-09-19,2026,3,9,2026-09,septiembre,19,6,sábado,t
20260920,2026-09-20,2026,3,9,2026-09,septiembre,20,7,domingo,t
20260921,2026-09-21,2026,3,9,2026-09,septiembre,21,1,lunes,f
20260922,2026-09-22,2026,3,9,2026-09,septiembre,22,2,martes,f
20260923,2026-09-23,2026,3,9,2026-09,septiembre,23,3,miércoles,f
20260924,2026-09-24,2026,3,9,2026-09,septiembre,24,4,jueves,f
20260925,2026-09-25,2026,3,9,2026-09,septiembre,25,5,viernes,f
20260926,2026-09-26,2026,3,9,2026-09,septiembre,26,6,sábado,t
20260927,2026-09-27,2026,3,9,2026-09,septiembre,27,7,domingo,t
20260928,2026-09-28,2026,3,9,2026-09,septiembre,28,1,lunes,f
20260929,2026-09-29,2026,3,9,2026-09,septiembre,29,2,martes,f
20260930,2026-09-30,2026,3,9,2026-09,septiembre,30,3,miércoles,f
20261001,2026-10-01,2026,4,10,2026-10,octubre,1,4,jueves,f
20261002,2026-10-02,2026,4,10,2026-10,octubre,2,5,viernes,f
20261003,2026-10-03,2026,4,10,2026-10,octubre,3,6,sábado,t
20261004,2026-10-04,2026,4,10,2026-10,octubre,4,7,domingo,t
20261005,2026-10-05,2026,4,10,2026-10,octubre,5,1,lunes,f
20261006,2026-10-06,2026,4,10,2026-10,octubre,6,2,martes,f
